unitName,partyid,invoiceDate,totalAmount,quantity,rate,salePrice,materialName,insertStatus,status,partyName
SAI JATIN DUDH SANKALAN KENDRA,1,02.04.2026,1670,1,1670,1670,HINDUSTAN HIRA KANDI,77917,success,"""0001"""
SAI JATIN DUDH SANKALAN KENDRA,1,01.04.2026,109200,70,1560,1560,NATURE DAIMAND,77919,success,"""0001"""
SAI JATIN DUDH SANKALAN KENDRA,1,06.04.2026,1650,1,1650,1650,NATURE DAIMAND,77920,success,"""0001"""
SAI JATIN DUDH SANKALAN KENDRA,1,07.04.2026,66800,40,1670,1670,HINDUSTAN HIRA KANDI,77921,success,"""0001"""
SAI JATIN DUDH SANKALAN KENDRA,1,07.04.2026,14300,10,1430,1430,HINDUSTAN INDRANIL,77922,success,"""0001"""
SAI JATIN DUDH SANKALAN KENDRA,1,10.04.2026,1650,1,1650,1650,NATURE DAIMAND,77924,success,"""0001"""
SAI JATIN DUDH SANKALAN KENDRA,1,04.04.2026,7950,5,1590,1590,NATURE DAIMAND,77925,success,"""0001"""
SAI JATIN DUDH SANKALAN KENDRA,1,06.04.2026,33000,20,1650,1650,NATURE DAIMAND,77926,success,"""0001"""
SAI JATIN DUDH SANKALAN KENDRA,1,06.04.2026,79500,50,1590,1590,NATURE DAIMAND,77928,success,"""0001"""
SAI JATIN DUDH SANKALAN KENDRA,1,06.04.2026,39750,25,1590,1590,NATURE DAIMAND,77929,success,"""0001"""
SAI JATIN DUDH SANKALAN KENDRA,15,08.04.2026,1430,1,1430,1430,HINDUSTAN INDRANIL,77930,success,"""0015"""
SAI JATIN DUDH SANKALAN KENDRA,29,02.04.2026,2150,1,2150,2150,SARKI GONI,77931,success,"""0029"""
SAI JATIN DUDH SANKALAN KENDRA,29,02.04.2026,1570,1,1570,1570,SAHYADARI GOLD,77932,success,"""0029"""
SAI JATIN DUDH SANKALAN KENDRA,29,04.04.2026,2150,1,2150,2150,SARKI GONI,77933,success,"""0029"""
SAI JATIN DUDH SANKALAN KENDRA,29,06.04.2026,2150,1,2150,2150,SARKI GONI,77934,success,"""0029"""
SAI JATIN DUDH SANKALAN KENDRA,29,06.04.2026,1570,1,1570,1570,SAHYADARI GOLD,77935,success,"""0029"""
SAI JATIN DUDH SANKALAN KENDRA,29,08.04.2026,2150,1,2150,2150,SARKI GONI,77936,success,"""0029"""
SAI JATIN DUDH SANKALAN KENDRA,53,02.04.2026,1650,1,1650,1650,NATURE DAIMAND,77937,success,"""0053"""
SAI JATIN DUDH SANKALAN KENDRA,69,02.04.2026,1670,1,1670,1670,HINDUSTAN HIRA KANDI,77938,success,"""0069"""
SAI JATIN DUDH SANKALAN KENDRA,69,05.04.2026,1570,1,1570,1570,SAHYADARI GOLD,77939,success,"""0069"""
SAI JATIN DUDH SANKALAN KENDRA,69,07.04.2026,1670,1,1670,1670,HINDUSTAN HIRA KANDI,77940,success,"""0069"""
SAI JATIN DUDH SANKALAN KENDRA,69,09.04.2026,3300,2,1650,1650,NATURE DAIMAND,77941,success,"""0069"""
SAI JATIN DUDH SANKALAN KENDRA,140,01.04.2026,3300,2,1650,1650,NATURE DAIMAND,77942,success,"""0140"""
SAI JATIN DUDH SANKALAN KENDRA,140,03.04.2026,1650,1,1650,1650,NATURE DAIMAND,77943,success,"""0140"""
SAI JATIN DUDH SANKALAN KENDRA,140,04.04.2026,3300,2,1650,1650,NATURE DAIMAND,77944,success,"""0140"""
SAI JATIN DUDH SANKALAN KENDRA,186,01.04.2026,1570,1,1570,1570,SAHYADARI GOLD,77945,success,"""0186"""
SAI JATIN DUDH SANKALAN KENDRA,186,03.04.2026,1570,1,1570,1570,SAHYADARI GOLD,77946,success,"""0186"""
SAI JATIN DUDH SANKALAN KENDRA,186,06.04.2026,1570,1,1570,1570,SAHYADARI GOLD,77947,success,"""0186"""
SAI JATIN DUDH SANKALAN KENDRA,250,02.04.2026,2150,1,2150,2150,SARKI GONI,77948,success,"""0250"""
SAI JATIN DUDH SANKALAN KENDRA,385,02.04.2026,1400,1,1400,1400,VALISH,77949,success,"""0385"""
SAI JATIN DUDH SANKALAN KENDRA,385,02.04.2026,2150,1,2150,2150,SARKI GONI,77950,success,"""0385"""
SAI JATIN DUDH SANKALAN KENDRA,385,05.04.2026,2150,1,2150,2150,SARKI GONI,77951,success,"""0385"""
SAI JATIN DUDH SANKALAN KENDRA,385,07.04.2026,2150,1,2150,2150,SARKI GONI,77952,success,"""0385"""
SAI JATIN DUDH SANKALAN KENDRA,385,10.04.2026,2150,1,2150,2150,SARKI GONI,77953,success,"""0385"""
SAI JATIN DUDH SANKALAN KENDRA,389,01.04.2026,2150,1,2150,2150,SARKI GONI,77954,success,"""0389"""
SAI JATIN DUDH SANKALAN KENDRA,389,02.04.2026,1430,1,1430,1430,HINDUSTAN INDRANIL,77955,success,"""0389"""
SAI JATIN DUDH SANKALAN KENDRA,447,01.04.2026,2150,1,2150,2150,SARKI GONI,77956,success,"""0447"""
SAI JATIN DUDH SANKALAN KENDRA,480,01.04.2026,1670,1,1670,1670,HINDUSTAN HIRA KANDI,77957,success,"""0480"""
SAI JATIN DUDH SANKALAN KENDRA,480,06.04.2026,2150,1,2150,2150,SARKI GONI,77958,success,"""0480"""
SAI JATIN DUDH SANKALAN KENDRA,503,01.04.2026,1670,1,1670,1670,HINDUSTAN HIRA KANDI,77959,success,"""0503"""
SAI JATIN DUDH SANKALAN KENDRA,503,02.04.2026,2150,1,2150,2150,SARKI GONI,77960,success,"""0503"""
SAI JATIN DUDH SANKALAN KENDRA,503,02.04.2026,1670,1,1670,1670,HINDUSTAN HIRA KANDI,77961,success,"""0503"""
SAI JATIN DUDH SANKALAN KENDRA,503,04.04.2026,1670,1,1670,1670,HINDUSTAN HIRA KANDI,77962,success,"""0503"""
SAI JATIN DUDH SANKALAN KENDRA,503,10.04.2026,1670,1,1670,1670,HINDUSTAN HIRA KANDI,77963,success,"""0503"""
SAI JATIN DUDH SANKALAN KENDRA,578,02.04.2026,2150,1,2150,2150,SARKI GONI,77964,success,"""0578"""
SAI JATIN DUDH SANKALAN KENDRA,703,02.04.2026,1670,1,1670,1670,HINDUSTAN HIRA KANDI,77965,success,"""0703"""
SAI JATIN DUDH SANKALAN KENDRA,703,07.04.2026,1670,1,1670,1670,HINDUSTAN HIRA KANDI,77966,success,"""0703"""
SAI JATIN DUDH SANKALAN KENDRA,703,10.04.2026,1670,1,1670,1670,HINDUSTAN HIRA KANDI,77967,success,"""0703"""
SAI JATIN DUDH SANKALAN KENDRA,720,04.04.2026,1650,1,1650,1650,NATURE DAIMAND,77968,success,"""0720"""
SAI JATIN DUDH SANKALAN KENDRA,720,08.04.2026,2150,1,2150,2150,SARKI GONI,77969,success,"""0720"""
SAI JATIN DUDH SANKALAN KENDRA,720,08.04.2026,1650,1,1650,1650,NATURE DAIMAND,77970,success,"""0720"""
SAI JATIN DUDH SANKALAN KENDRA,730,02.04.2026,1670,1,1670,1670,HINDUSTAN HIRA KANDI,77971,success,"""0730"""
SAI JATIN DUDH SANKALAN KENDRA,730,07.04.2026,1670,1,1670,1670,HINDUSTAN HIRA KANDI,77972,success,"""0730"""
SAI JATIN DUDH SANKALAN KENDRA,2210,02.04.2026,3340,2,1670,1670,HINDUSTAN HIRA KANDI,77973,success,"""2210"""
SAI JATIN DUDH SANKALAN KENDRA,2210,05.04.2026,3340,2,1670,1670,HINDUSTAN HIRA KANDI,77974,success,"""2210"""
SAI JATIN DUDH SANKALAN KENDRA,2210,05.04.2026,5010,3,1670,1670,HINDUSTAN HIRA KANDI,77975,success,"""2210"""
SAI JATIN DUDH SANKALAN KENDRA,2210,08.04.2026,3340,2,1670,1670,HINDUSTAN HIRA KANDI,77976,success,"""2210"""
SAI JATIN DUDH SANKALAN KENDRA,2223,02.04.2026,2150,1,2150,2150,SARKI GONI,77977,success,"""2223"""
SAI JATIN DUDH SANKALAN KENDRA,2224,01.04.2026,1670,1,1670,1670,HINDUSTAN HIRA KANDI,77978,success,"""2224"""
SAI JATIN DUDH SANKALAN KENDRA,2228,01.04.2026,2150,1,2150,2150,SARKI GONI,77979,success,"""2228"""
SAI JATIN DUDH SANKALAN KENDRA,2228,01.04.2026,1670,1,1670,1670,HINDUSTAN HIRA KANDI,77980,success,"""2228"""
SAI JATIN DUDH SANKALAN KENDRA,2228,06.04.2026,1670,1,1670,1670,HINDUSTAN HIRA KANDI,77981,success,"""2228"""
SAI JATIN DUDH SANKALAN KENDRA,2237,02.04.2026,2150,1,2150,2150,SARKI GONI,77982,success,"""2237"""
SAI JATIN DUDH SANKALAN KENDRA,2243,01.04.2026,2150,1,2150,2150,SARKI GONI,77983,success,"""2243"""
SAI JATIN DUDH SANKALAN KENDRA,2243,01.04.2026,1670,1,1670,1670,HINDUSTAN HIRA KANDI,77984,success,"""2243"""
SAI JATIN DUDH SANKALAN KENDRA,2246,01.04.2026,2150,1,2150,2150,SARKI GONI,77985,success,"""2246"""
SAI JATIN DUDH SANKALAN KENDRA,2246,04.04.2026,1650,1,1650,1650,NATURE DAIMAND,77986,success,"""2246"""
SAI JATIN DUDH SANKALAN KENDRA,2246,05.04.2026,2150,1,2150,2150,SARKI GONI,77987,success,"""2246"""
SAI JATIN DUDH SANKALAN KENDRA,2246,05.04.2026,1650,1,1650,1650,NATURE DAIMAND,77988,success,"""2246"""
SAI JATIN DUDH SANKALAN KENDRA,2251,04.04.2026,6440,4,1610,1610,HINDUSTAN HIRA KANDI,77989,success,"""2251"""
SAI JATIN DUDH SANKALAN KENDRA,2251,05.04.2026,1610,1,1610,1610,HINDUSTAN HIRA KANDI,77990,success,"""2251"""
SAI JATIN DUDH SANKALAN KENDRA,2251,01.04.2026,2070,1,2070,2070,SARKI GONI,77991,success,"""2251"""
SAI JATIN DUDH SANKALAN KENDRA,2251,01.04.2026,3220,2,1610,1610,HINDUSTAN HIRA KANDI,77992,success,"""2251"""
SAI JATIN DUDH SANKALAN KENDRA,2275,01.04.2026,2150,1,2150,2150,SARKI GONI,77993,success,"""2275"""
SAI JATIN DUDH SANKALAN KENDRA,2275,06.04.2026,1670,1,1670,1670,HINDUSTAN HIRA KANDI,77994,success,"""2275"""
SAI JATIN DUDH SANKALAN KENDRA,2276,01.04.2026,1650,1,1650,1650,NATURE DAIMAND,77995,success,"""2276"""
SAI JATIN DUDH SANKALAN KENDRA,2284,04.04.2026,2150,1,2150,2150,SARKI GONI,77996,success,"""2284"""
SAI JATIN DUDH SANKALAN KENDRA,2284,04.04.2026,1670,1,1670,1670,HINDUSTAN HIRA KANDI,77997,success,"""2284"""
SAI JATIN DUDH SANKALAN KENDRA,2287,01.04.2026,2150,1,2150,2150,SARKI GONI,77998,success,"""2287"""
SAI JATIN DUDH SANKALAN KENDRA,2287,01.04.2026,1670,1,1670,1670,HINDUSTAN HIRA KANDI,77999,success,"""2287"""
SAI JATIN DUDH SANKALAN KENDRA,2287,04.04.2026,1670,1,1670,1670,HINDUSTAN HIRA KANDI,78000,success,"""2287"""
SAI JATIN DUDH SANKALAN KENDRA,2296,01.04.2026,2150,1,2150,2150,SARKI GONI,78001,success,"""2296"""
SAI JATIN DUDH SANKALAN KENDRA,2299,01.04.2026,2000,1,2000,2000,NATURE GARBHANKUR,78002,success,"""2299"""
SAI JATIN DUDH SANKALAN KENDRA,2311,02.04.2026,2150,1,2150,2150,SARKI GONI,78003,success,"""2311"""
SAI JATIN DUDH SANKALAN KENDRA,9189,04.04.2026,1700,1,1700,1700,Milk Can,78004,success,"""9189"""
SAI JATIN DUDH SANKALAN KENDRA,1021,01.04.2026,39750,25,1590,1590,NATURE DAIMAND,78005,success,"""1021"""
SAI JATIN DUDH SANKALAN KENDRA,1023,01.04.2026,10600,5,2120,2120,SARKI GONI,78006,success,"""1023"""
SAI JATIN DUDH SANKALAN KENDRA,1023,03.04.2026,10600,5,2120,2120,SARKI GONI,78007,success,"""1023"""
SAI JATIN DUDH SANKALAN KENDRA,1023,01.04.2026,16200,10,1620,1620,HINDUSTAN HIRA KANDI,78008,success,"""1023"""
SAI JATIN DUDH SANKALAN KENDRA,1023,06.04.2026,4240,2,2120,2120,SARKI GONI,78009,success,"""1023"""
SAI JATIN DUDH SANKALAN KENDRA,1023,06.04.2026,6400,4,1600,1600,Milk Can,78010,success,"""1023"""
SAI JATIN DUDH SANKALAN KENDRA,1023,08.04.2026,11340,7,1620,1620,HINDUSTAN HIRA KANDI,78011,success,"""1023"""
SAI JATIN DUDH SANKALAN KENDRA,1024,01.04.2026,16100,10,1610,1610,HINDUSTAN HIRA KANDI,78012,success,"""1024"""
SAI JATIN DUDH SANKALAN KENDRA,1024,01.04.2026,11200,8,1400,1400,HINDUSTAN INDRANIL,78013,success,"""1024"""
SAI JATIN DUDH SANKALAN KENDRA,1024,01.04.2026,21200,10,2120,2120,SARKI GONI,78014,success,"""1024"""
SAI JATIN DUDH SANKALAN KENDRA,1025,01.04.2026,6360,3,2120,2120,SARKI GONI,78015,success,"""1025"""
SAI JATIN DUDH SANKALAN KENDRA,1025,01.04.2026,8100,5,1620,1620,HINDUSTAN HIRA KANDI,78016,success,"""1025"""
SAI JATIN DUDH SANKALAN KENDRA,1025,01.04.2026,7750,5,1550,1550,SAHYADARI GOLD,78017,success,"""1025"""
SAI JATIN DUDH SANKALAN KENDRA,1025,04.04.2026,1620,1,1620,1620,HINDUSTAN HIRA KANDI,78018,success,"""1025"""
SAI JATIN DUDH SANKALAN KENDRA,1025,04.04.2026,3200,2,1600,1600,NATURE DAIMAND,78019,success,"""1025"""
SAI JATIN DUDH SANKALAN KENDRA,1025,06.04.2026,2120,1,2120,2120,SARKI GONI,78020,success,"""1025"""
SAI JATIN DUDH SANKALAN KENDRA,1025,06.04.2026,1550,1,1550,1550,SAHYADARI GOLD,78021,success,"""1025"""
SAI JATIN DUDH SANKALAN KENDRA,1025,06.04.2026,1620,1,1620,1620,HINDUSTAN HIRA KANDI,78022,success,"""1025"""
SAI JATIN DUDH SANKALAN KENDRA,1028,08.04.2026,5000,1,5000,5000,K,,success,"""1028"""
SAI JATIN DUDH SANKALAN KENDRA,1056,02.04.2026,19440,12,1620,1620,HINDUSTAN HIRA KANDI,78023,success,"""1056"""
SAI JATIN DUDH SANKALAN KENDRA,1056,02.04.2026,6360,3,2120,2120,SARKI GONI,78024,success,"""1056"""
SAI JATIN DUDH SANKALAN KENDRA,1056,02.04.2026,1980,1,1980,1980,NATURE GARBHANKUR,78025,success,"""1056"""
SAI JATIN DUDH SANKALAN KENDRA,1056,07.04.2026,2120,1,2120,2120,SARKI GONI,78026,success,"""1056"""
SAI JATIN DUDH SANKALAN KENDRA,1060,01.04.2026,2120,1,2120,2120,SARKI GONI,78027,success,"""1060"""
SAI JATIN DUDH SANKALAN KENDRA,1060,01.04.2026,1400,1,1400,1400,HINDUSTAN INDRANIL,78028,success,"""1060"""
SAI JATIN DUDH SANKALAN KENDRA,1060,02.04.2026,5600,4,1400,1400,HINDUSTAN INDRANIL,78029,success,"""1060"""
SAI JATIN DUDH SANKALAN KENDRA,1060,05.04.2026,6360,3,2120,2120,SARKI GONI,78030,success,"""1060"""
SAI JATIN DUDH SANKALAN KENDRA,1060,05.04.2026,2800,2,1400,1400,NATURE EXTRA,78031,success,"""1060"""
SAI JATIN DUDH SANKALAN KENDRA,1060,07.04.2026,2120,1,2120,2120,SARKI GONI,78032,success,"""1060"""
SAI JATIN DUDH SANKALAN KENDRA,1060,07.04.2026,1400,1,1400,1400,HINDUSTAN INDRANIL,78033,success,"""1060"""
SAI JATIN DUDH SANKALAN KENDRA,1063,01.04.2026,8000,5,1600,1600,Milk Can,78034,success,"""1063"""
SAI JATIN DUDH SANKALAN KENDRA,5001,01.04.2026,9900,6,1650,1650,NATURE DAIMAND,78035,success,"""5001"""
SAI JATIN DUDH SANKALAN KENDRA,5002,01.04.2026,2150,1,2150,2150,SARKI GONI,78036,success,"""5002"""
SAI JATIN DUDH SANKALAN KENDRA,5002,06.04.2026,2150,1,2150,2150,SARKI GONI,78037,success,"""5002"""
SAI JATIN DUDH SANKALAN KENDRA,5003,07.04.2026,2150,1,2150,2150,SARKI GONI,78038,success,"""5003"""
SAI JATIN DUDH SANKALAN KENDRA,5004,02.04.2026,2150,1,2150,2150,SARKI GONI,78039,success,"""5004"""
SAI JATIN DUDH SANKALAN KENDRA,5005,04.04.2026,1430,1,1430,1430,HINDUSTAN INDRANIL,78040,success,"""5005"""
SAI JATIN DUDH SANKALAN KENDRA,5009,02.04.2026,1430,1,1430,1430,HINDUSTAN INDRANIL,78041,success,"""5009"""
SAI JATIN DUDH SANKALAN KENDRA,5016,02.04.2026,1430,1,1430,1430,HINDUSTAN INDRANIL,78042,success,"""5016"""
SAI JATIN DUDH SANKALAN KENDRA,5017,06.04.2026,2150,1,2150,2150,SARKI GONI,78043,success,"""5017"""
SAI JATIN DUDH SANKALAN KENDRA,5024,01.04.2026,2150,1,2150,2150,SARKI GONI,78044,success,"""5024"""
SAI JATIN DUDH SANKALAN KENDRA,1402,02.04.2026,4300,2,2150,2150,SARKI GONI,78045,success,"""1402"""
SAI JATIN DUDH SANKALAN KENDRA,1402,02.04.2026,3300,2,1650,1650,NATURE DAIMAND,78046,success,"""1402"""
SAI JATIN DUDH SANKALAN KENDRA,1404,05.04.2026,1670,1,1670,1670,HINDUSTAN HIRA KANDI,78047,success,"""1404"""
SAI JATIN DUDH SANKALAN KENDRA,1407,02.04.2026,1400,1,1400,1400,VALISH,78048,success,"""1407"""
SAI JATIN DUDH SANKALAN KENDRA,1407,02.04.2026,1670,1,1670,1670,HINDUSTAN HIRA KANDI,78049,success,"""1407"""
SAI JATIN DUDH SANKALAN KENDRA,1407,04.04.2026,1400,1,1400,1400,VALISH,78050,success,"""1407"""
SAI JATIN DUDH SANKALAN KENDRA,1407,04.04.2026,1200,1,1200,1200,HINDUSTAN MAKA,78051,success,"""1407"""
SAI JATIN DUDH SANKALAN KENDRA,1412,05.04.2026,1650,1,1650,1650,NATURE DAIMAND,78052,success,"""1412"""
SAI JATIN DUDH SANKALAN KENDRA,1412,05.04.2026,1200,1,1200,1200,HINDUSTAN MAKA,78053,success,"""1412"""
SAI JATIN DUDH SANKALAN KENDRA,1416,05.04.2026,1650,1,1650,1650,NATURE DAIMAND,78054,success,"""1416"""
SAI JATIN DUDH SANKALAN KENDRA,1418,02.04.2026,3300,2,1650,1650,NATURE DAIMAND,78055,success,"""1418"""
SAI JATIN DUDH SANKALAN KENDRA,1441,02.04.2026,1650,1,1650,1650,NATURE DAIMAND,78056,success,"""1441"""
SAI JATIN DUDH SANKALAN KENDRA,1453,01.04.2026,2150,1,2150,2150,SARKI GONI,78057,success,"""1453"""
SAI JATIN DUDH SANKALAN KENDRA,1453,01.04.2026,1650,1,1650,1650,NATURE DAIMAND,78058,success,"""1453"""
SAI JATIN DUDH SANKALAN KENDRA,1453,02.04.2026,6600,4,1650,1650,NATURE DAIMAND,78059,success,"""1453"""
SAI JATIN DUDH SANKALAN KENDRA,1453,02.04.2026,6450,3,2150,2150,SARKI GONI,78060,success,"""1453"""
SAI JATIN DUDH SANKALAN KENDRA,1454,02.04.2026,1650,1,1650,1650,NATURE DAIMAND,78061,success,"""1454"""
SAI JATIN DUDH SANKALAN KENDRA,1477,02.04.2026,1650,1,1650,1650,NATURE DAIMAND,78062,success,"""1477"""
SAI JATIN DUDH SANKALAN KENDRA,1503,01.04.2026,1430,1,1430,1430,HINDUSTAN INDRANIL,78063,success,"""1503"""
SAI JATIN DUDH SANKALAN KENDRA,1504,01.04.2026,1670,1,1670,1670,HINDUSTAN HIRA KANDI,78064,success,"""1504"""
SAI JATIN DUDH SANKALAN KENDRA,1504,03.04.2026,1670,1,1670,1670,HINDUSTAN HIRA KANDI,78065,success,"""1504"""
SAI JATIN DUDH SANKALAN KENDRA,1506,02.04.2026,1670,1,1670,1670,HINDUSTAN HIRA KANDI,78066,success,"""1506"""
SAI JATIN DUDH SANKALAN KENDRA,1509,01.04.2026,10750,5,2150,2150,SARKI GONI,78067,success,"""1509"""
SAI JATIN DUDH SANKALAN KENDRA,1509,01.04.2026,8250,5,1650,1650,NATURE DAIMAND,78068,success,"""1509"""
SAI JATIN DUDH SANKALAN KENDRA,1509,01.04.2026,7000,5,1400,1400,VALISH,78069,success,"""1509"""
SAI JATIN DUDH SANKALAN KENDRA,1510,02.04.2026,2150,1,2150,2150,SARKI GONI,78070,success,"""1510"""
SAI JATIN DUDH SANKALAN KENDRA,1512,03.04.2026,1670,1,1670,1670,HINDUSTAN HIRA KANDI,78071,success,"""1512"""
SAI JATIN DUDH SANKALAN KENDRA,1514,04.04.2026,1670,1,1670,1670,HINDUSTAN HIRA KANDI,78072,success,"""1514"""
SAI JATIN DUDH SANKALAN KENDRA,1516,01.04.2026,1670,1,1670,1670,HINDUSTAN HIRA KANDI,78073,success,"""1516"""
SAI JATIN DUDH SANKALAN KENDRA,1523,01.04.2026,4300,2,2150,2150,SARKI GONI,78074,success,"""1523"""
SAI JATIN DUDH SANKALAN KENDRA,1523,01.04.2026,3340,2,1670,1670,HINDUSTAN HIRA KANDI,78075,success,"""1523"""
SAI JATIN DUDH SANKALAN KENDRA,1538,03.04.2026,1670,1,1670,1670,HINDUSTAN HIRA KANDI,78076,success,"""1538"""
SAI JATIN DUDH SANKALAN KENDRA,1545,02.04.2026,1670,1,1670,1670,HINDUSTAN HIRA KANDI,78077,success,"""1545"""
SAI JATIN DUDH SANKALAN KENDRA,1546,02.04.2026,6600,4,1650,1650,NATURE DAIMAND,78078,success,"""1546"""
SAI JATIN DUDH SANKALAN KENDRA,1547,05.04.2026,2150,1,2150,2150,SARKI GONI,78079,success,"""1547"""
SAI JATIN DUDH SANKALAN KENDRA,1552,01.04.2026,2150,1,2150,2150,SARKI GONI,78080,success,"""1552"""
SAI JATIN DUDH SANKALAN KENDRA,1552,01.04.2026,1670,1,1670,1670,HINDUSTAN HIRA KANDI,78081,success,"""1552"""
SAI JATIN DUDH SANKALAN KENDRA,1552,08.04.2026,2150,1,2150,2150,SARKI GONI,78082,success,"""1552"""
SAI JATIN DUDH SANKALAN KENDRA,1552,08.04.2026,1670,1,1670,1670,HINDUSTAN HIRA KANDI,78083,success,"""1552"""
SAI JATIN DUDH SANKALAN KENDRA,1556,02.04.2026,2150,1,2150,2150,SARKI GONI,78084,success,"""1556"""
SAI JATIN DUDH SANKALAN KENDRA,1571,01.04.2026,6680,4,1670,1670,HINDUSTAN HIRA KANDI,78085,success,"""1571"""
SAI JATIN DUDH SANKALAN KENDRA,1572,08.04.2026,2150,1,2150,2150,SARKI GONI,78086,success,"""1572"""
SAI JATIN DUDH SANKALAN KENDRA,1595,01.04.2026,11690,7,1670,1670,HINDUSTAN HIRA KANDI,78087,success,"""1595"""
SAI JATIN DUDH SANKALAN KENDRA,1102,02.04.2026,4300,2,2150,2150,SARKI GONI,78088,success,"""1102"""
SAI JATIN DUDH SANKALAN KENDRA,1102,02.04.2026,1670,1,1670,1670,HINDUSTAN HIRA KANDI,78089,success,"""1102"""
SAI JATIN DUDH SANKALAN KENDRA,1112,05.04.2026,1650,1,1650,1650,NATURE DAIMAND,78090,success,"""1112"""
SAI JATIN DUDH SANKALAN KENDRA,1123,02.04.2026,2150,1,2150,2150,SARKI GONI,78091,success,"""1123"""
SAI JATIN DUDH SANKALAN KENDRA,1604,02.04.2026,3340,2,1670,1670,HINDUSTAN HIRA KANDI,78092,success,"""1604"""
SAI JATIN DUDH SANKALAN KENDRA,1612,05.04.2026,1650,1,1650,1650,NATURE DAIMAND,78093,success,"""1612"""
SAI JATIN DUDH SANKALAN KENDRA,1618,02.04.2026,4300,2,2150,2150,SARKI GONI,78094,success,"""1618"""
SAI JATIN DUDH SANKALAN KENDRA,1618,02.04.2026,1670,1,1670,1670,HINDUSTAN HIRA KANDI,78095,success,"""1618"""
SAI JATIN DUDH SANKALAN KENDRA,1624,02.04.2026,1650,1,1650,1650,NATURE DAIMAND,78096,success,"""1624"""
SAI JATIN DUDH SANKALAN KENDRA,1624,05.04.2026,1650,1,1650,1650,NATURE DAIMAND,78097,success,"""1624"""
SAI JATIN DUDH SANKALAN KENDRA,1631,02.04.2026,8250,5,1650,1650,NATURE DAIMAND,78098,success,"""1631"""
SAI JATIN DUDH SANKALAN KENDRA,1638,02.04.2026,13200,8,1650,1650,NATURE DAIMAND,78099,success,"""1638"""
SAI JATIN DUDH SANKALAN KENDRA,1640,05.04.2026,1650,1,1650,1650,NATURE DAIMAND,78100,success,"""1640"""
SAI JATIN DUDH SANKALAN KENDRA,1643,02.04.2026,3340,2,1670,1670,HINDUSTAN HIRA KANDI,78101,success,"""1643"""
SAI JATIN DUDH SANKALAN KENDRA,1645,02.04.2026,1670,1,1670,1670,HINDUSTAN HIRA KANDI,78102,success,"""1645"""
SAI JATIN DUDH SANKALAN KENDRA,1648,06.04.2026,1650,1,1650,1650,NATURE DAIMAND,78103,success,"""1648"""
SAI JATIN DUDH SANKALAN KENDRA,1653,05.04.2026,2150,1,2150,2150,SARKI GONI,78104,success,"""1653"""
SAI JATIN DUDH SANKALAN KENDRA,1654,05.04.2026,1650,1,1650,1650,NATURE DAIMAND,78105,success,"""1654"""
SAI JATIN DUDH SANKALAN KENDRA,1658,02.04.2026,5010,3,1670,1670,HINDUSTAN HIRA KANDI,78106,success,"""1658"""
SAI JATIN DUDH SANKALAN KENDRA,1661,05.04.2026,1650,1,1650,1650,NATURE DAIMAND,78107,success,"""1661"""
SAI JATIN DUDH SANKALAN KENDRA,1662,02.04.2026,3300,2,1650,1650,NATURE DAIMAND,78108,success,"""1662"""
SAI JATIN DUDH SANKALAN KENDRA,1665,04.04.2026,2150,1,2150,2150,SARKI GONI,78109,success,"""1665"""
SAI JATIN DUDH SANKALAN KENDRA,1665,08.04.2026,1670,1,1670,1670,HINDUSTAN HIRA KANDI,78110,success,"""1665"""
SAI JATIN DUDH SANKALAN KENDRA,1666,02.04.2026,3300,2,1650,1650,NATURE DAIMAND,78111,success,"""1666"""
SAI JATIN DUDH SANKALAN KENDRA,1667,02.04.2026,2150,1,2150,2150,SARKI GONI,78112,success,"""1667"""
SAI JATIN DUDH SANKALAN KENDRA,1670,08.04.2026,3300,2,1650,1650,NATURE DAIMAND,78113,success,"""1670"""
SAI JATIN DUDH SANKALAN KENDRA,1673,02.04.2026,2150,1,2150,2150,SARKI GONI,78114,success,"""1673"""
SAI JATIN DUDH SANKALAN KENDRA,1675,02.04.2026,3300,2,1650,1650,NATURE DAIMAND,78115,success,"""1675"""
SAI JATIN DUDH SANKALAN KENDRA,1676,02.04.2026,1650,1,1650,1650,NATURE DAIMAND,78116,success,"""1676"""
SAI JATIN DUDH SANKALAN KENDRA,1691,02.04.2026,2150,1,2150,2150,SARKI GONI,78117,success,"""1691"""
SAI JATIN DUDH SANKALAN KENDRA,1693,02.04.2026,5010,3,1670,1670,HINDUSTAN HIRA KANDI,78118,success,"""1693"""
SAI JATIN DUDH SANKALAN KENDRA,1699,05.04.2026,1650,1,1650,1650,NATURE DAIMAND,78119,success,"""1699"""
SAI JATIN DUDH SANKALAN KENDRA,1702,01.04.2026,2100,1,2100,2100,SARKI GONI,78120,success,"""1702"""
SAI JATIN DUDH SANKALAN KENDRA,1704,01.04.2026,1670,1,1670,1670,HINDUSTAN HIRA KANDI,78121,success,"""1704"""
SAI JATIN DUDH SANKALAN KENDRA,1706,07.04.2026,1670,1,1670,1670,HINDUSTAN HIRA KANDI,78122,success,"""1706"""
SAI JATIN DUDH SANKALAN KENDRA,1707,01.04.2026,2100,1,2100,2100,SARKI GONI,78123,success,"""1707"""
SAI JATIN DUDH SANKALAN KENDRA,1707,01.04.2026,1670,1,1670,1670,HINDUSTAN HIRA KANDI,78124,success,"""1707"""
SAI JATIN DUDH SANKALAN KENDRA,1713,01.04.2026,1670,1,1670,1670,HINDUSTAN HIRA KANDI,78125,success,"""1713"""
SAI JATIN DUDH SANKALAN KENDRA,1724,01.04.2026,2100,1,2100,2100,SARKI GONI,78126,success,"""1724"""
SAI JATIN DUDH SANKALAN KENDRA,1728,01.04.2026,2100,1,2100,2100,SARKI GONI,78127,success,"""1728"""
SAI JATIN DUDH SANKALAN KENDRA,1746,01.04.2026,2150,1,2150,2150,SARKI GONI,78128,success,"""1746"""
SAI JATIN DUDH SANKALAN KENDRA,1754,08.04.2026,1650,1,1650,1650,NATURE DAIMAND,78129,success,"""1754"""
SAI JATIN DUDH SANKALAN KENDRA,1756,01.04.2026,2100,1,2100,2100,SARKI GONI,78130,success,"""1756"""
SAI JATIN DUDH SANKALAN KENDRA,1756,01.04.2026,1670,1,1670,1670,HINDUSTAN HIRA KANDI,78131,success,"""1756"""
SAI JATIN DUDH SANKALAN KENDRA,1759,01.04.2026,1670,1,1670,1670,HINDUSTAN HIRA KANDI,78132,success,"""1759"""
SAI JATIN DUDH SANKALAN KENDRA,1760,01.04.2026,1670,1,1670,1670,HINDUSTAN HIRA KANDI,78133,success,"""1760"""
SAI JATIN DUDH SANKALAN KENDRA,1765,01.04.2026,1670,1,1670,1670,HINDUSTAN HIRA KANDI,78134,success,"""1765"""
SAI JATIN DUDH SANKALAN KENDRA,1768,01.04.2026,2100,1,2100,2100,SARKI GONI,78135,success,"""1768"""
SAI JATIN DUDH SANKALAN KENDRA,1783,01.04.2026,2100,1,2100,2100,SARKI GONI,78136,success,"""1783"""
SAI JATIN DUDH SANKALAN KENDRA,1783,01.04.2026,1670,1,1670,1670,HINDUSTAN HIRA KANDI,78137,success,"""1783"""
SAI JATIN DUDH SANKALAN KENDRA,1787,01.04.2026,1670,1,1670,1670,HINDUSTAN HIRA KANDI,78138,success,"""1787"""
SAI JATIN DUDH SANKALAN KENDRA,1796,01.04.2026,3340,2,1670,1670,HINDUSTAN HIRA KANDI,78139,success,"""1796"""
SAI JATIN DUDH SANKALAN KENDRA,1836,01.04.2026,2150,1,2150,2150,SARKI GONI,78140,success,"""1836"""
SAI JATIN DUDH SANKALAN KENDRA,1836,08.04.2026,1570,1,1570,1570,SAHYADARI GOLD,78141,success,"""1836"""
SAI JATIN DUDH SANKALAN KENDRA,1856,01.04.2026,2150,1,2150,2150,SARKI GONI,78142,success,"""1856"""
SAI JATIN DUDH SANKALAN KENDRA,1856,01.04.2026,3340,2,1670,1670,HINDUSTAN HIRA KANDI,78143,success,"""1856"""
SAI JATIN DUDH SANKALAN KENDRA,1856,06.04.2026,2150,1,2150,2150,SARKI GONI,78144,success,"""1856"""
SAI JATIN DUDH SANKALAN KENDRA,1856,06.04.2026,1670,1,1670,1670,HINDUSTAN HIRA KANDI,78145,success,"""1856"""
SAI JATIN DUDH SANKALAN KENDRA,1857,01.04.2026,1650,1,1650,1650,NATURE DAIMAND,78146,success,"""1857"""
SAI JATIN DUDH SANKALAN KENDRA,1857,08.04.2026,1650,1,1650,1650,NATURE DAIMAND,78147,success,"""1857"""
SAI JATIN DUDH SANKALAN KENDRA,1860,01.04.2026,1670,1,1670,1670,HINDUSTAN HIRA KANDI,78148,success,"""1860"""
SAI JATIN DUDH SANKALAN KENDRA,1874,01.04.2026,2150,1,2150,2150,SARKI GONI,78149,success,"""1874"""
SAI JATIN DUDH SANKALAN KENDRA,1874,01.04.2026,1670,1,1670,1670,HINDUSTAN HIRA KANDI,78150,success,"""1874"""
SAI JATIN DUDH SANKALAN KENDRA,1888,01.04.2026,4300,2,2150,2150,SARKI GONI,78151,success,"""1888"""
SAI JATIN DUDH SANKALAN KENDRA,1894,01.04.2026,2150,1,2150,2150,SARKI GONI,78152,success,"""1894"""
SAI JATIN DUDH SANKALAN KENDRA,1910,04.04.2026,1430,1,1430,1430,HINDUSTAN INDRANIL,78153,success,"""1910"""
SAI JATIN DUDH SANKALAN KENDRA,1911,04.04.2026,3340,2,1670,1670,HINDUSTAN HIRA KANDI,78154,success,"""1911"""
SAI JATIN DUDH SANKALAN KENDRA,1912,02.04.2026,1650,1,1650,1650,NATURE DAIMAND,78155,success,"""1912"""
SAI JATIN DUDH SANKALAN KENDRA,1916,01.04.2026,1570,1,1570,1570,SAHYADARI GOLD,78156,success,"""1916"""
SAI JATIN DUDH SANKALAN KENDRA,1917,07.04.2026,1570,1,1570,1570,SAHYADARI GOLD,78157,success,"""1917"""
SAI JATIN DUDH SANKALAN KENDRA,1925,02.04.2026,2150,1,2150,2150,SARKI GONI,78158,success,"""1925"""
SAI JATIN DUDH SANKALAN KENDRA,1925,02.04.2026,2860,2,1430,1430,HINDUSTAN INDRANIL,78159,success,"""1925"""
SAI JATIN DUDH SANKALAN KENDRA,1928,01.04.2026,1670,1,1670,1670,HINDUSTAN HIRA KANDI,78160,success,"""1928"""
SAI JATIN DUDH SANKALAN KENDRA,1928,02.04.2026,10020,6,1670,1670,HINDUSTAN HIRA KANDI,78161,success,"""1928"""
SAI JATIN DUDH SANKALAN KENDRA,1931,02.04.2026,2150,1,2150,2150,SARKI GONI,78162,success,"""1931"""
SAI JATIN DUDH SANKALAN KENDRA,1931,02.04.2026,1670,1,1670,1670,HINDUSTAN HIRA KANDI,78163,success,"""1931"""
SAI JATIN DUDH SANKALAN KENDRA,1969,02.04.2026,3140,2,1570,1570,SAHYADARI GOLD,78164,success,"""1969"""
SAI JATIN DUDH SANKALAN KENDRA,1996,09.04.2026,4300,2,2150,2150,SARKI GONI,78165,success,"""1996"""
SAI JATIN DUDH SANKALAN KENDRA,1996,09.04.2026,4710,3,1570,1570,SAHYADARI GOLD,78166,success,"""1996"""
SAI JATIN DUDH SANKALAN KENDRA,1996,09.04.2026,1200,1,1200,1200,HINDUSTAN MAKA,78167,success,"""1996"""
ANJANI DUDH-PRAMOD LAHARE,3401,01.04.2026,5000,1,5000,5000,K,,success,"""3401"""
ANJANI DUDH-PRAMOD LAHARE,3531,01.04.2026,48600,30,1620,1620,HINDUSTAN HIRA KANDI,78168,success,"""3531"""
ANJANI DUDH-PRAMOD LAHARE,3533,01.04.2026,79500,50,1590,1590,NATURE DAIMAND,78169,success,"""3533"""
ANJANI DUDH-PRAMOD LAHARE,3574,01.04.2026,32400,20,1620,1620,HINDUSTAN HIRA KANDI,78170,success,"""3574"""
ANJANI DUDH-PRAMOD LAHARE,3574,01.04.2026,51750,25,2070,2070,HINDUSTAN SARKI,78171,success,"""3574"""
SAI JATIN DUDH SANKALAN KENDRA,6102,08.04.2026,190800,120,1590,1590,NATURE DAIMAND,,skipped,"""6102"""
SAI JATIN DUDH SANKALAN KENDRA,1510,13.04.2026,2150,1,2150,2150,SARKI GONI,78172,success,"""1510"""
SAI JATIN DUDH SANKALAN KENDRA,1510,13.04.2026,1670,1,1670,1670,HINDUSTAN HIRA KANDI,78205,success,"""1510"""
SAI JATIN DUDH SANKALAN KENDRA,1512,13.04.2026,1670,1,1670,1670,HINDUSTAN HIRA KANDI,78206,success,"""1512"""
SAI JATIN DUDH SANKALAN KENDRA,1545,13.04.2026,1670,1,1670,1670,HINDUSTAN HIRA KANDI,78207,success,"""1545"""
SAI JATIN DUDH SANKALAN KENDRA,1596,13.04.2026,1670,1,1670,1670,HINDUSTAN HIRA KANDI,78208,success,"""1596"""
SAI JATIN DUDH SANKALAN KENDRA,1404,13.04.2026,1670,1,1670,1670,HINDUSTAN HIRA KANDI,78209,success,"""1404"""
SAI JATIN DUDH SANKALAN KENDRA,1078,13.04.2026,4200,3,1400,1400,HINDUSTAN INDRANIL,78210,success,"""1078"""
SAI JATIN DUDH SANKALAN KENDRA,1078,13.04.2026,6360,3,2120,2120,SARKI GONI,78211,success,"""1078"""
SAI JATIN DUDH SANKALAN KENDRA,1910,13.04.2026,1430,1,1430,1430,HINDUSTAN INDRANIL,78212,success,"""1910"""
SAI JATIN DUDH SANKALAN KENDRA,1970,13.04.2026,3140,2,1570,1570,SAHYADARI GOLD,78213,success,"""1970"""
SAI JATIN DUDH SANKALAN KENDRA,1517,13.04.2026,1670,1,1670,1670,HINDUSTAN HIRA KANDI,78214,success,"""1517"""
SAI JATIN DUDH SANKALAN KENDRA,1969,13.04.2026,3140,2,1570,1570,SAHYADARI GOLD,78215,success,"""1969"""
SAI JATIN DUDH SANKALAN KENDRA,2221,13.04.2026,2150,1,2150,2150,SARKI GONI,78216,success,"""2221"""
SAI JATIN DUDH SANKALAN KENDRA,2221,13.04.2026,1670,1,1670,1670,HINDUSTAN HIRA KANDI,78217,success,"""2221"""
SAI JATIN DUDH SANKALAN KENDRA,2297,13.04.2026,2150,1,2150,2150,SARKI GONI,78218,success,"""2297"""
SAI JATIN DUDH SANKALAN KENDRA,2246,13.04.2026,4300,2,2150,2150,SARKI GONI,78219,success,"""2246"""
SAI JATIN DUDH SANKALAN KENDRA,2246,13.04.2026,4950,3,1650,1650,NATURE DAIMAND,78220,success,"""2246"""
SAI JATIN DUDH SANKALAN KENDRA,1033,13.04.2026,1600,1,1600,1600,NATURE DAIMAND,78221,success,"""1033"""
SAI JATIN DUDH SANKALAN KENDRA,1574,13.04.2026,2150,1,2150,2150,SARKI GONI,78222,success,"""1574"""
SAI JATIN DUDH SANKALAN KENDRA,1560,13.04.2026,2150,1,2150,2150,SARKI GONI,78223,success,"""1560"""
SAI JATIN DUDH SANKALAN KENDRA,1514,13.04.2026,1670,1,1670,1670,HINDUSTAN HIRA KANDI,78224,success,"""1514"""
SAI JATIN DUDH SANKALAN KENDRA,1503,13.04.2026,1430,1,1430,1430,HINDUSTAN INDRANIL,78225,success,"""1503"""
SAI JATIN DUDH SANKALAN KENDRA,385,13.04.2026,2150,1,2150,2150,SARKI GONI,78226,success,"""0385"""
SAI JATIN DUDH SANKALAN KENDRA,5005,13.04.2026,1430,1,1430,1430,HINDUSTAN INDRANIL,78227,success,"""5005"""
SAI JATIN DUDH SANKALAN KENDRA,1547,13.04.2026,2150,1,2150,2150,SARKI GONI,78228,success,"""1547"""
SAI JATIN DUDH SANKALAN KENDRA,1586,13.04.2026,2150,1,2150,2150,SARKI GONI,78229,success,"""1586"""
SAI JATIN DUDH SANKALAN KENDRA,1503,13.04.2026,2150,1,2150,2150,SARKI GONI,78230,success,"""1503"""
SAI JATIN DUDH SANKALAN KENDRA,38,14.04.2026,1600,1,1600,1600,MAKHAN MAVA,78231,success,"""0038"""
SAI JATIN DUDH SANKALAN KENDRA,1665,14.04.2026,1670,1,1670,1670,HINDUSTAN HIRA KANDI,78232,success,"""1665"""
SAI JATIN DUDH SANKALAN KENDRA,730,14.04.2026,1670,1,1670,1670,HINDUSTAN HIRA KANDI,78233,success,"""0730"""
SAI JATIN DUDH SANKALAN KENDRA,720,14.04.2026,1650,1,1650,1650,NATURE DAIMAND,78234,success,"""0720"""
SAI JATIN DUDH SANKALAN KENDRA,503,14.04.2026,1670,1,1670,1670,HINDUSTAN HIRA KANDI,78235,success,"""0503"""
SAI JATIN DUDH SANKALAN KENDRA,1836,14.04.2026,2150,1,2150,2150,SARKI GONI,78236,success,"""1836"""
SAI JATIN DUDH SANKALAN KENDRA,1836,14.04.2026,1590,1,1590,1590,NATURE KALWAD,78237,success,"""1836"""
SAI JATIN DUDH SANKALAN KENDRA,186,14.04.2026,1570,1,1570,1570,SAHYADARI GOLD,78238,success,"""0186"""
SAI JATIN DUDH SANKALAN KENDRA,1025,14.04.2026,1590,1,1590,1590,NATURE KALWAD,78239,success,"""1025"""
SAI JATIN DUDH SANKALAN KENDRA,1025,14.04.2026,3200,2,1600,1600,NATURE DAIMAND,78240,success,"""1025"""
SAI JATIN DUDH SANKALAN KENDRA,29,14.04.2026,2150,1,2150,2150,SARKI GONI,78241,success,"""0029"""
SAI JATIN DUDH SANKALAN KENDRA,2276,14.04.2026,1650,1,1650,1650,NATURE DAIMAND,78242,success,"""2276"""
SAI JATIN DUDH SANKALAN KENDRA,1552,14.04.2026,2150,1,2150,2150,SARKI GONI,78243,success,"""1552"""
SAI JATIN DUDH SANKALAN KENDRA,1546,14.04.2026,6600,4,1650,1650,NATURE DAIMAND,78244,success,"""1546"""
SAI JATIN DUDH SANKALAN KENDRA,1506,14.04.2026,1670,1,1670,1670,HINDUSTAN HIRA KANDI,78245,success,"""1506"""
SAI JATIN DUDH SANKALAN KENDRA,1509,14.04.2026,3600,3,1200,1200,HINDUSTAN MAKA,78246,success,"""1509"""
SAI JATIN DUDH SANKALAN KENDRA,1547,14.04.2026,1670,1,1670,1670,HINDUSTAN HIRA KANDI,78247,success,"""1547"""
SAI JATIN DUDH SANKALAN KENDRA,703,14.04.2026,1670,1,1670,1670,HINDUSTAN HIRA KANDI,78248,success,"""0703"""
SAI JATIN DUDH SANKALAN KENDRA,126,15.04.2026,1670,1,1670,1670,HINDUSTAN HIRA KANDI,78249,success,"""0126"""
SAI JATIN DUDH SANKALAN KENDRA,1927,15.04.2026,2150,1,2150,2150,SARKI GONI,78250,success,"""1927"""
SAI JATIN DUDH SANKALAN KENDRA,1927,15.04.2026,1670,1,1670,1670,HINDUSTAN HIRA KANDI,78251,success,"""1927"""
SAI JATIN DUDH SANKALAN KENDRA,503,15.04.2026,1670,1,1670,1670,HINDUSTAN HIRA KANDI,78252,success,"""0503"""
SAI JATIN DUDH SANKALAN KENDRA,1456,15.04.2026,1650,1,1650,1650,NATURE DAIMAND,78253,success,"""1456"""
SAI JATIN DUDH SANKALAN KENDRA,1457,15.04.2026,1650,1,1650,1650,NATURE DAIMAND,78254,success,"""1457"""
SAI JATIN DUDH SANKALAN KENDRA,1416,15.04.2026,2150,1,2150,2150,SARKI GONI,78255,success,"""1416"""
SAI JATIN DUDH SANKALAN KENDRA,1416,15.04.2026,1650,1,1650,1650,NATURE DAIMAND,78256,success,"""1416"""
SAI JATIN DUDH SANKALAN KENDRA,1078,15.04.2026,4240,2,2120,2120,SARKI GONI,78257,success,"""1078"""
SAI JATIN DUDH SANKALAN KENDRA,1078,15.04.2026,16200,10,1620,1620,HINDUSTAN HIRA KANDI,78258,success,"""1078"""
SAI JATIN DUDH SANKALAN KENDRA,5004,15.04.2026,2150,1,2150,2150,SARKI GONI,78259,success,"""5004"""
SAI JATIN DUDH SANKALAN KENDRA,5016,15.04.2026,1430,1,1430,1430,HINDUSTAN INDRANIL,78260,success,"""5016"""
SAI JATIN DUDH SANKALAN KENDRA,1702,15.04.2026,2150,1,2150,2150,SARKI GONI,78261,success,"""1702"""
SAI JATIN DUDH SANKALAN KENDRA,5013,15.04.2026,1430,1,1430,1430,HINDUSTAN INDRANIL,,skipped,"""5013"""
SAI JATIN DUDH SANKALAN KENDRA,1060,15.04.2026,1400,1,1400,1400,HINDUSTAN INDRANIL,78262,success,"""1060"""
SAI JATIN DUDH SANKALAN KENDRA,1687,15.04.2026,1650,1,1650,1650,NATURE DAIMAND,78263,success,"""1687"""
SAI JATIN DUDH SANKALAN KENDRA,1624,15.04.2026,1650,1,1650,1650,NATURE DAIMAND,78264,success,"""1624"""
SAI JATIN DUDH SANKALAN KENDRA,1654,15.04.2026,1650,1,1650,1650,NATURE DAIMAND,78265,success,"""1654"""
SAI JATIN DUDH SANKALAN KENDRA,29,15.04.2026,1570,1,1570,1570,SAHYADARI GOLD,78266,success,"""0029"""
SAI JATIN DUDH SANKALAN KENDRA,1622,15.04.2026,1650,1,1650,1650,NATURE DAIMAND,78267,success,"""1622"""
SAI JATIN DUDH SANKALAN KENDRA,389,16.04.2026,2150,1,2150,2150,SARKI GONI,78268,success,"""0389"""
SAI JATIN DUDH SANKALAN KENDRA,385,16.04.2026,2150,1,2150,2150,SARKI GONI,78269,success,"""0385"""
SAI JATIN DUDH SANKALAN KENDRA,578,16.04.2026,2150,1,2150,2150,SARKI GONI,78270,success,"""0578"""
SAI JATIN DUDH SANKALAN KENDRA,38,16.04.2026,1670,1,1670,1670,HINDUSTAN HIRA KANDI,78271,success,"""0038"""
SAI JATIN DUDH SANKALAN KENDRA,38,16.04.2026,1600,1,1600,1600,MAKHAN MAVA,78272,success,"""0038"""
SAI JATIN DUDH SANKALAN KENDRA,5003,16.04.2026,1430,1,1430,1430,HINDUSTAN INDRANIL,78273,success,"""5003"""
SAI JATIN DUDH SANKALAN KENDRA,1897,16.04.2026,1670,1,1670,1670,HINDUSTAN HIRA KANDI,78274,success,"""1897"""
SAI JATIN DUDH SANKALAN KENDRA,1060,16.04.2026,2120,1,2120,2120,SARKI GONI,78275,success,"""1060"""
SAI JATIN DUDH SANKALAN KENDRA,1060,16.04.2026,2800,2,1400,1400,HINDUSTAN INDRANIL,78276,success,"""1060"""
SAI JATIN DUDH SANKALAN KENDRA,1504,16.04.2026,2150,1,2150,2150,SARKI GONI,78277,success,"""1504"""
SAI JATIN DUDH SANKALAN KENDRA,1665,16.04.2026,2150,1,2150,2150,SARKI GONI,78278,success,"""1665"""
SAI JATIN DUDH SANKALAN KENDRA,29,16.04.2026,2150,1,2150,2150,SARKI GONI,78279,success,"""0029"""
SAI JATIN DUDH SANKALAN KENDRA,1,16.04.2026,47400,30,1580,1580,HINDUSTAN HIRA KANDI,78280,success,"""0001"""
SAI JATIN DUDH SANKALAN KENDRA,1,16.04.2026,26800,20,1340,1340,HINDUSTAN INDRANIL,78281,success,"""0001"""
ANJANI DUDH-PRAMOD LAHARE,3531,16.04.2026,64800,40,1620,1620,HINDUSTAN HIRA KANDI,78282,success,"""3531"""
SAI JATIN DUDH SANKALAN KENDRA,2251,12.04.2026,48300,30,1610,1610,HINDUSTAN HIRA KANDI,78283,success,"""2251"""
ANJANI DUDH-PRAMOD LAHARE,3574,14.04.2026,48600,30,1620,1620,HINDUSTAN HIRA KANDI,78284,success,"""3574"""
ANJANI DUDH-PRAMOD LAHARE,3574,14.04.2026,41800,20,2090,2090,HINDUSTAN SARKI,78285,success,"""3574"""
SAI JATIN DUDH SANKALAN KENDRA,2298,16.04.2026,1650,1,1650,1650,NATURE DAIMAND,78286,success,"""2298"""
SAI JATIN DUDH SANKALAN KENDRA,389,17.04.2026,1430,1,1430,1430,HINDUSTAN INDRANIL,78287,success,"""0389"""
SAI JATIN DUDH SANKALAN KENDRA,1754,17.04.2026,1650,1,1650,1650,NATURE DAIMAND,78288,success,"""1754"""
SAI JATIN DUDH SANKALAN KENDRA,336,17.04.2026,1670,1,1670,1670,HINDUSTAN HIRA KANDI,78289,success,"""0336"""
SAI JATIN DUDH SANKALAN KENDRA,1661,17.04.2026,1650,1,1650,1650,NATURE DAIMAND,78290,success,"""1661"""
SAI JATIN DUDH SANKALAN KENDRA,1635,17.04.2026,2150,1,2150,2150,SARKI GONI,78291,success,"""1635"""
SAI JATIN DUDH SANKALAN KENDRA,1078,17.04.2026,7000,5,1400,1400,HINDUSTAN INDRANIL,78292,success,"""1078"""
SAI JATIN DUDH SANKALAN KENDRA,186,17.04.2026,1570,1,1570,1570,SAHYADARI GOLD,78293,success,"""0186"""
SAI JATIN DUDH SANKALAN KENDRA,1676,17.04.2026,1650,1,1650,1650,NATURE DAIMAND,78294,success,"""1676"""
SAI JATIN DUDH SANKALAN KENDRA,1023,17.04.2026,6360,3,2120,2120,SARKI GONI,78295,success,"""1023"""
SAI JATIN DUDH SANKALAN KENDRA,1023,17.04.2026,8050,5,1610,1610,HINDUSTAN HIRA KANDI,78296,success,"""1023"""
SAI JATIN DUDH SANKALAN KENDRA,53,17.04.2026,1650,1,1650,1650,NATURE DAIMAND,78297,success,"""0053"""
SAI JATIN DUDH SANKALAN KENDRA,1060,18.04.2026,4240,2,2120,2120,SARKI GONI,78298,success,"""1060"""
SAI JATIN DUDH SANKALAN KENDRA,1060,18.04.2026,2800,2,1400,1400,HINDUSTAN INDRANIL,78299,success,"""1060"""
SAI JATIN DUDH SANKALAN KENDRA,38,18.04.2026,1600,1,1600,1600,MAKHAN MAVA,78300,success,"""0038"""
SAI JATIN DUDH SANKALAN KENDRA,38,18.04.2026,1670,1,1670,1670,HINDUSTAN HIRA KANDI,78301,success,"""0038"""
SAI JATIN DUDH SANKALAN KENDRA,730,18.04.2026,1670,1,1670,1670,HINDUSTAN HIRA KANDI,78302,success,"""0730"""
SAI JATIN DUDH SANKALAN KENDRA,1078,18.04.2026,3240,2,1620,1620,HINDUSTAN HIRA KANDI,78303,success,"""1078"""
SAI JATIN DUDH SANKALAN KENDRA,1025,18.04.2026,6360,3,2120,2120,SARKI GONI,78304,success,"""1025"""
SAI JATIN DUDH SANKALAN KENDRA,1023,18.04.2026,8050,5,1610,1610,HINDUSTAN HIRA KANDI,78305,success,"""1023"""
SAI JATIN DUDH SANKALAN KENDRA,1033,18.04.2026,2120,1,2120,2120,SARKI GONI,78306,success,"""1033"""
SAI JATIN DUDH SANKALAN KENDRA,1033,18.04.2026,2800,2,1400,1400,HINDUSTAN INDRANIL,78307,success,"""1033"""
SAI JATIN DUDH SANKALAN KENDRA,1670,18.04.2026,3300,2,1650,1650,NATURE DAIMAND,78308,success,"""1670"""
SAI JATIN DUDH SANKALAN KENDRA,2237,21.04.2026,2150,1,2150,2150,SARKI GONI,78309,success,"""2237"""
SAI JATIN DUDH SANKALAN KENDRA,2251,21.04.2026,3940,2,1970,1970,SARKI GONI,78310,success,"""2251"""
SAI JATIN DUDH SANKALAN KENDRA,1021,12.04.2026,46800,30,1560,1560,NATURE DAIMAND,78311,success,"""1021"""
SAI JATIN DUDH SANKALAN KENDRA,1,12.04.2026,63200,40,1580,1580,NATURE DAIMAND,78312,success,"""0001"""
SAI JATIN DUDH SANKALAN KENDRA,1504,20.04.2026,1670,1,1670,1670,HINDUSTAN HIRA KANDI,78313,success,"""1504"""
SAI JATIN DUDH SANKALAN KENDRA,126,20.04.2026,1670,1,1670,1670,HINDUSTAN HIRA KANDI,78314,success,"""0126"""
SAI JATIN DUDH SANKALAN KENDRA,1060,20.04.2026,14700,7,2100,2100,SARKI GONI,78315,success,"""1060"""
SAI JATIN DUDH SANKALAN KENDRA,1796,21.04.2026,3340,2,1670,1670,HINDUSTAN HIRA KANDI,78316,success,"""1796"""
SAI JATIN DUDH SANKALAN KENDRA,1754,21.04.2026,2100,1,2100,2100,SARKI GONI,78317,success,"""1754"""
SAI JATIN DUDH SANKALAN KENDRA,1754,21.04.2026,3300,2,1650,1650,NATURE DAIMAND,78318,success,"""1754"""
SAI JATIN DUDH SANKALAN KENDRA,1701,21.04.2026,2100,1,2100,2100,SARKI GONI,78319,success,"""1701"""
SAI JATIN DUDH SANKALAN KENDRA,1759,21.04.2026,2100,1,2100,2100,SARKI GONI,78320,success,"""1759"""
SAI JATIN DUDH SANKALAN KENDRA,1759,21.04.2026,1650,1,1650,1650,NATURE DAIMAND,78321,success,"""1759"""
SAI JATIN DUDH SANKALAN KENDRA,1743,21.04.2026,2100,1,2100,2100,SARKI GONI,78322,success,"""1743"""
SAI JATIN DUDH SANKALAN KENDRA,1768,21.04.2026,1670,1,1670,1670,HINDUSTAN HIRA KANDI,78323,success,"""1768"""
SAI JATIN DUDH SANKALAN KENDRA,1707,21.04.2026,1650,1,1650,1650,NATURE DAIMAND,78324,success,"""1707"""
SAI JATIN DUDH SANKALAN KENDRA,1728,21.04.2026,2100,1,2100,2100,SARKI GONI,78325,success,"""1728"""
SAI JATIN DUDH SANKALAN KENDRA,1724,21.04.2026,2100,1,2100,2100,SARKI GONI,78326,success,"""1724"""
SAI JATIN DUDH SANKALAN KENDRA,1787,21.04.2026,1670,1,1670,1670,HINDUSTAN HIRA KANDI,78327,success,"""1787"""
SAI JATIN DUDH SANKALAN KENDRA,1760,21.04.2026,1670,1,1670,1670,HINDUSTAN HIRA KANDI,78328,success,"""1760"""
SAI JATIN DUDH SANKALAN KENDRA,1765,21.04.2026,1670,1,1670,1670,HINDUSTAN HIRA KANDI,78329,success,"""1765"""
SAI JATIN DUDH SANKALAN KENDRA,480,21.04.2026,2100,1,2100,2100,SARKI GONI,78330,success,"""0480"""
SAI JATIN DUDH SANKALAN KENDRA,1888,21.04.2026,4200,2,2100,2100,SARKI GONI,78331,success,"""1888"""
SAI JATIN DUDH SANKALAN KENDRA,1857,21.04.2026,3300,2,1650,1650,NATURE DAIMAND,78332,success,"""1857"""
SAI JATIN DUDH SANKALAN KENDRA,1836,21.04.2026,1570,1,1570,1570,SAHYADARI GOLD,78333,success,"""1836"""
SAI JATIN DUDH SANKALAN KENDRA,1836,21.04.2026,1000,1,1000,1000,NATURE WASARU,78334,success,"""1836"""
SAI JATIN DUDH SANKALAN KENDRA,1856,21.04.2026,2100,1,2100,2100,SARKI GONI,78335,success,"""1856"""
SAI JATIN DUDH SANKALAN KENDRA,1856,21.04.2026,3340,2,1670,1670,HINDUSTAN HIRA KANDI,78336,success,"""1856"""
SAI JATIN DUDH SANKALAN KENDRA,1662,21.04.2026,1650,1,1650,1650,NATURE DAIMAND,78337,success,"""1662"""
SAI JATIN DUDH SANKALAN KENDRA,1025,21.04.2026,6600,4,1650,1650,NATURE DAIMAND,78338,success,"""1025"""
SAI JATIN DUDH SANKALAN KENDRA,1025,21.04.2026,4200,2,2100,2100,SARKI GONI,78339,success,"""1025"""
SAI JATIN DUDH SANKALAN KENDRA,1572,21.04.2026,2100,1,2100,2100,SARKI GONI,78340,success,"""1572"""
SAI JATIN DUDH SANKALAN KENDRA,1023,18.04.2026,8050,5,1610,1610,HINDUSTAN HIRA KANDI,78341,success,"""1023"""
SAI JATIN DUDH SANKALAN KENDRA,385,19.04.2026,2100,1,2100,2100,SARKI GONI,78342,success,"""0385"""
SAI JATIN DUDH SANKALAN KENDRA,186,19.04.2026,1570,1,1570,1570,SAHYADARI GOLD,78343,success,"""0186"""
SAI JATIN DUDH SANKALAN KENDRA,1404,19.04.2026,1670,1,1670,1670,HINDUSTAN HIRA KANDI,78344,success,"""1404"""
SAI JATIN DUDH SANKALAN KENDRA,1486,19.04.2026,1650,1,1650,1650,NATURE DAIMAND,78345,success,"""1486"""
SAI JATIN DUDH SANKALAN KENDRA,38,21.04.2026,1600,1,1600,1600,MAKHAN MAVA,78346,success,"""0038"""
SAI JATIN DUDH SANKALAN KENDRA,38,21.04.2026,1670,1,1670,1670,HINDUSTAN HIRA KANDI,78347,success,"""0038"""
SAI JATIN DUDH SANKALAN KENDRA,69,21.04.2026,1650,1,1650,1650,NATURE DAIMAND,78348,success,"""0069"""
SAI JATIN DUDH SANKALAN KENDRA,720,21.04.2026,1650,1,1650,1650,NATURE DAIMAND,78349,success,"""0720"""
SAI JATIN DUDH SANKALAN KENDRA,1910,21.04.2026,1430,1,1430,1430,HINDUSTAN INDRANIL,78350,success,"""1910"""
SAI JATIN DUDH SANKALAN KENDRA,1508,20.04.2026,5010,3,1670,1670,HINDUSTAN HIRA KANDI,78351,success,"""1508"""
SAI JATIN DUDH SANKALAN KENDRA,1930,21.04.2026,1430,1,1430,1430,HINDUSTAN INDRANIL,78352,success,"""1930"""
SAI JATIN DUDH SANKALAN KENDRA,5001,21.04.2026,8250,5,1650,1650,NATURE DAIMAND,78353,success,"""5001"""
SAI JATIN DUDH SANKALAN KENDRA,5002,21.04.2026,2860,2,1430,1430,HINDUSTAN INDRANIL,78354,success,"""5002"""
SAI JATIN DUDH SANKALAN KENDRA,5024,21.04.2026,2100,1,2100,2100,SARKI GONI,78355,success,"""5024"""
SAI JATIN DUDH SANKALAN KENDRA,250,21.04.2026,2100,1,2100,2100,SARKI GONI,78356,success,"""0250"""
SAI JATIN DUDH SANKALAN KENDRA,1078,21.04.2026,2070,1,2070,2070,SARKI GONI,78357,success,"""1078"""
SAI JATIN DUDH SANKALAN KENDRA,1078,21.04.2026,3240,2,1620,1620,HINDUSTAN HIRA KANDI,78358,success,"""1078"""
SAI JATIN DUDH SANKALAN KENDRA,29,21.04.2026,2100,1,2100,2100,SARKI GONI,78359,success,"""0029"""
SAI JATIN DUDH SANKALAN KENDRA,29,21.04.2026,1570,1,1570,1570,SAHYADARI GOLD,78360,success,"""0029"""
SAI JATIN DUDH SANKALAN KENDRA,1512,21.04.2026,1670,1,1670,1670,HINDUSTAN HIRA KANDI,78361,success,"""1512"""
SAI JATIN DUDH SANKALAN KENDRA,1509,21.04.2026,2100,1,2100,2100,SARKI GONI,78362,success,"""1509"""
SAI JATIN DUDH SANKALAN KENDRA,1509,21.04.2026,1200,1,1200,1200,HINDUSTAN MAKA,78363,success,"""1509"""
SAI JATIN DUDH SANKALAN KENDRA,1538,21.04.2026,1670,1,1670,1670,HINDUSTAN HIRA KANDI,78364,success,"""1538"""
SAI JATIN DUDH SANKALAN KENDRA,1547,21.04.2026,2100,1,2100,2100,SARKI GONI,78365,success,"""1547"""
SAI JATIN DUDH SANKALAN KENDRA,1545,21.04.2026,1670,1,1670,1670,HINDUSTAN HIRA KANDI,78366,success,"""1545"""
SAI JATIN DUDH SANKALAN KENDRA,1552,21.04.2026,2100,1,2100,2100,SARKI GONI,78367,success,"""1552"""
SAI JATIN DUDH SANKALAN KENDRA,1552,21.04.2026,1670,1,1670,1670,HINDUSTAN HIRA KANDI,78368,success,"""1552"""
SAI JATIN DUDH SANKALAN KENDRA,1523,21.04.2026,2100,1,2100,2100,SARKI GONI,78369,success,"""1523"""
SAI JATIN DUDH SANKALAN KENDRA,1523,21.04.2026,1670,1,1670,1670,HINDUSTAN HIRA KANDI,78370,success,"""1523"""
SAI JATIN DUDH SANKALAN KENDRA,703,21.04.2026,1670,1,1670,1670,HINDUSTAN HIRA KANDI,78371,success,"""0703"""
SAI JATIN DUDH SANKALAN KENDRA,1453,21.04.2026,4200,2,2100,2100,SARKI GONI,78372,success,"""1453"""
SAI JATIN DUDH SANKALAN KENDRA,1453,21.04.2026,8250,5,1650,1650,NATURE DAIMAND,78373,success,"""1453"""
SAI JATIN DUDH SANKALAN KENDRA,1441,21.04.2026,1650,1,1650,1650,NATURE DAIMAND,78374,success,"""1441"""
SAI JATIN DUDH SANKALAN KENDRA,1,21.04.2026,1650,1,1650,1650,NATURE DAIMAND,78375,success,"""0001"""
SAI JATIN DUDH SANKALAN KENDRA,1454,21.04.2026,1650,1,1650,1650,NATURE DAIMAND,78376,success,"""1454"""
SAI JATIN DUDH SANKALAN KENDRA,1412,21.04.2026,1650,1,1650,1650,NATURE DAIMAND,78377,success,"""1412"""
SAI JATIN DUDH SANKALAN KENDRA,1412,21.04.2026,1250,1,1250,1250,NATURE MAKA,78378,success,"""1412"""
SAI JATIN DUDH SANKALAN KENDRA,1402,21.04.2026,3300,2,1650,1650,NATURE DAIMAND,78379,success,"""1402"""
SAI JATIN DUDH SANKALAN KENDRA,1402,21.04.2026,4200,2,2100,2100,SARKI GONI,78380,success,"""1402"""
SAI JATIN DUDH SANKALAN KENDRA,1477,21.04.2026,1650,1,1650,1650,NATURE DAIMAND,78381,success,"""1477"""
SAI JATIN DUDH SANKALAN KENDRA,1410,21.04.2026,1650,1,1650,1650,NATURE DAIMAND,78382,success,"""1410"""
SAI JATIN DUDH SANKALAN KENDRA,503,21.04.2026,1670,1,1670,1670,HINDUSTAN HIRA KANDI,78383,success,"""0503"""
SAI JATIN DUDH SANKALAN KENDRA,2287,21.04.2026,1670,1,1670,1670,HINDUSTAN HIRA KANDI,78384,success,"""2287"""
SAI JATIN DUDH SANKALAN KENDRA,2284,21.04.2026,2100,1,2100,2100,SARKI GONI,78385,success,"""2284"""
SAI JATIN DUDH SANKALAN KENDRA,2284,21.04.2026,1670,1,1670,1670,HINDUSTAN HIRA KANDI,78386,success,"""2284"""
SAI JATIN DUDH SANKALAN KENDRA,2243,21.04.2026,2100,1,2100,2100,SARKI GONI,78387,success,"""2243"""
SAI JATIN DUDH SANKALAN KENDRA,2243,21.04.2026,1670,1,1670,1670,HINDUSTAN HIRA KANDI,78388,success,"""2243"""
SAI JATIN DUDH SANKALAN KENDRA,2275,21.04.2026,2100,1,2100,2100,SARKI GONI,78389,success,"""2275"""
SAI JATIN DUDH SANKALAN KENDRA,2233,21.04.2026,2100,1,2100,2100,SARKI GONI,78390,success,"""2233"""
SAI JATIN DUDH SANKALAN KENDRA,2296,21.04.2026,2100,1,2100,2100,SARKI GONI,78391,success,"""2296"""
SAI JATIN DUDH SANKALAN KENDRA,2206,21.04.2026,1670,1,1670,1670,HINDUSTAN HIRA KANDI,78392,success,"""2206"""
SAI JATIN DUDH SANKALAN KENDRA,2210,21.04.2026,10020,6,1670,1670,HINDUSTAN HIRA KANDI,78393,success,"""2210"""
SAI JATIN DUDH SANKALAN KENDRA,2311,21.04.2026,2100,1,2100,2100,SARKI GONI,78394,success,"""2311"""
SAI JATIN DUDH SANKALAN KENDRA,1572,21.04.2026,1670,1,1670,1670,HINDUSTAN HIRA KANDI,78395,success,"""1572"""
SAI JATIN DUDH SANKALAN KENDRA,1925,21.04.2026,2100,1,2100,2100,SARKI GONI,78396,success,"""1925"""
SAI JATIN DUDH SANKALAN KENDRA,1925,21.04.2026,1570,1,1570,1570,SAHYADARI GOLD,78397,success,"""1925"""
SAI JATIN DUDH SANKALAN KENDRA,1925,21.04.2026,2860,2,1430,1430,HINDUSTAN INDRANIL,78398,success,"""1925"""
SAI JATIN DUDH SANKALAN KENDRA,1928,21.04.2026,11690,7,1670,1670,HINDUSTAN HIRA KANDI,78399,success,"""1928"""
SAI JATIN DUDH SANKALAN KENDRA,1931,21.04.2026,2100,1,2100,2100,SARKI GONI,78400,success,"""1931"""
SAI JATIN DUDH SANKALAN KENDRA,1931,21.04.2026,1670,1,1670,1670,HINDUSTAN HIRA KANDI,78401,success,"""1931"""
SAI JATIN DUDH SANKALAN KENDRA,1571,21.04.2026,3340,2,1670,1670,HINDUSTAN HIRA KANDI,78402,success,"""1571"""
SAI JATIN DUDH SANKALAN KENDRA,1509,22.04.2026,8400,4,2100,2100,SARKI GONI,78403,success,"""1509"""
SAI JATIN DUDH SANKALAN KENDRA,1509,22.04.2026,8250,5,1650,1650,NATURE DAIMAND,78404,success,"""1509"""
SAI JATIN DUDH SANKALAN KENDRA,1509,22.04.2026,1200,1,1200,1200,NATURE MAKA,78405,success,"""1509"""
SAI JATIN DUDH SANKALAN KENDRA,1595,22.04.2026,8350,5,1670,1670,HINDUSTAN HIRA KANDI,78406,success,"""1595"""
SAI JATIN DUDH SANKALAN KENDRA,1595,22.04.2026,2100,1,2100,2100,SARKI GONI,78407,success,"""1595"""
SAI JATIN DUDH SANKALAN KENDRA,1506,22.04.2026,1670,1,1670,1670,HINDUSTAN HIRA KANDI,78408,success,"""1506"""
SAI JATIN DUDH SANKALAN KENDRA,1025,22.04.2026,4140,2,2070,2070,SARKI GONI,78409,success,"""1025"""
SAI JATIN DUDH SANKALAN KENDRA,1025,22.04.2026,3240,2,1620,1620,HINDUSTAN HIRA KANDI,78410,success,"""1025"""
SAI JATIN DUDH SANKALAN KENDRA,5014,21.04.2026,1430,1,1430,1430,HINDUSTAN INDRANIL,78411,success,"""5014"""
SAI JATIN DUDH SANKALAN KENDRA,5009,21.04.2026,1430,1,1430,1430,HINDUSTAN INDRANIL,78412,success,"""5009"""
SAI JATIN DUDH SANKALAN KENDRA,29,21.04.2026,2100,1,2100,2100,SARKI GONI,78413,success,"""0029"""
SAI JATIN DUDH SANKALAN KENDRA,1693,21.04.2026,3340,2,1670,1670,HINDUSTAN HIRA KANDI,78414,success,"""1693"""
SAI JATIN DUDH SANKALAN KENDRA,1675,21.04.2026,3300,2,1650,1650,NATURE DAIMAND,78415,success,"""1675"""
SAI JATIN DUDH SANKALAN KENDRA,1604,21.04.2026,1670,1,1670,1670,HINDUSTAN HIRA KANDI,78416,success,"""1604"""
SAI JATIN DUDH SANKALAN KENDRA,1604,21.04.2026,1650,1,1650,1650,NATURE DAIMAND,78417,success,"""1604"""
SAI JATIN DUDH SANKALAN KENDRA,1662,21.04.2026,3300,2,1650,1650,NATURE DAIMAND,78418,success,"""1662"""
SAI JATIN DUDH SANKALAN KENDRA,1612,21.04.2026,1650,1,1650,1650,NATURE DAIMAND,78419,success,"""1612"""
SAI JATIN DUDH SANKALAN KENDRA,1658,21.04.2026,5010,3,1670,1670,HINDUSTAN HIRA KANDI,78420,success,"""1658"""
SAI JATIN DUDH SANKALAN KENDRA,1618,21.04.2026,4200,2,2100,2100,SARKI GONI,78421,success,"""1618"""
SAI JATIN DUDH SANKALAN KENDRA,1618,21.04.2026,1670,1,1670,1670,HINDUSTAN HIRA KANDI,78422,success,"""1618"""
SAI JATIN DUDH SANKALAN KENDRA,1631,21.04.2026,8250,5,1650,1650,NATURE DAIMAND,78423,success,"""1631"""
SAI JATIN DUDH SANKALAN KENDRA,1638,21.04.2026,11550,7,1650,1650,NATURE DAIMAND,78424,success,"""1638"""
SAI JATIN DUDH SANKALAN KENDRA,1102,21.04.2026,4200,2,2100,2100,SARKI GONI,78425,success,"""1102"""
SAI JATIN DUDH SANKALAN KENDRA,1102,21.04.2026,1670,1,1670,1670,HINDUSTAN HIRA KANDI,78426,success,"""1102"""
SAI JATIN DUDH SANKALAN KENDRA,1645,21.04.2026,1670,1,1670,1670,HINDUSTAN HIRA KANDI,78427,success,"""1645"""
SAI JATIN DUDH SANKALAN KENDRA,1666,21.04.2026,3300,2,1650,1650,NATURE DAIMAND,78428,success,"""1666"""
SAI JATIN DUDH SANKALAN KENDRA,1624,21.04.2026,1650,1,1650,1650,NATURE DAIMAND,78429,success,"""1624"""
ANJANI DUDH-PRAMOD LAHARE,3533,17.04.2026,111300,70,1590,1590,NATURE DAIMAND,78430,success,"""3533"""
ANJANI DUDH-PRAMOD LAHARE,3514,17.04.2026,71550,45,1590,1590,NATURE DAIMAND,78431,success,"""3514"""
ANJANI DUDH-PRAMOD LAHARE,3518,17.04.2026,111300,70,1590,1590,NATURE DAIMAND,78432,success,"""3518"""
SAI JATIN DUDH SANKALAN KENDRA,1024,17.04.2026,39500,25,1580,1580,NATURE DAIMAND,78433,success,"""1024"""
SAI JATIN DUDH SANKALAN KENDRA,2210,21.04.2026,3340,2,1670,1670,HINDUSTAN HIRA KANDI,78434,success,"""2210"""
SAI JATIN DUDH SANKALAN KENDRA,385,22.04.2026,2100,1,2100,2100,SARKI GONI,78435,success,"""0385"""
SAI JATIN DUDH SANKALAN KENDRA,69,22.04.2026,1650,1,1650,1650,NATURE DAIMAND,78436,success,"""0069"""
SAI JATIN DUDH SANKALAN KENDRA,38,22.04.2026,2100,1,2100,2100,SARKI GONI,78437,success,"""0038"""
SAI JATIN DUDH SANKALAN KENDRA,38,22.04.2026,1650,1,1650,1650,NATURE DAIMAND,78438,success,"""0038"""
SAI JATIN DUDH SANKALAN KENDRA,1060,22.04.2026,2100,1,2100,2100,SARKI GONI,78439,success,"""1060"""
SAI JATIN DUDH SANKALAN KENDRA,1060,22.04.2026,3140,2,1570,1570,SAHYADARI GOLD,78440,success,"""1060"""
SAI JATIN DUDH SANKALAN KENDRA,186,22.04.2026,1570,1,1570,1570,SAHYADARI GOLD,78441,success,"""0186"""
SAI JATIN DUDH SANKALAN KENDRA,29,22.04.2026,1650,1,1650,1650,NATURE DAIMAND,78442,success,"""0029"""
SAI JATIN DUDH SANKALAN KENDRA,1023,22.04.2026,8280,4,2070,2070,SARKI GONI,78443,success,"""1023"""
SAI JATIN DUDH SANKALAN KENDRA,1673,22.04.2026,2100,1,2100,2100,SARKI GONI,78444,success,"""1673"""
SAI JATIN DUDH SANKALAN KENDRA,1,12.04.2026,6700,5,1340,1340,HINDUSTAN INDRANIL,78445,success,"""0001"""
SAI JATIN DUDH SANKALAN KENDRA,1514,21.04.2026,1670,1,1670,1670,HINDUSTAN HIRA KANDI,78446,success,"""1514"""
SAI JATIN DUDH SANKALAN KENDRA,1078,22.04.2026,6300,3,2100,2100,SARKI GONI,78447,success,"""1078"""
SAI JATIN DUDH SANKALAN KENDRA,1078,22.04.2026,1430,1,1430,1430,HINDUSTAN INDRANIL,78448,success,"""1078"""
SAI JATIN DUDH SANKALAN KENDRA,503,22.04.2026,3340,2,1670,1670,HINDUSTAN HIRA KANDI,78449,success,"""0503"""
SAI JATIN DUDH SANKALAN KENDRA,730,22.04.2026,1670,1,1670,1670,HINDUSTAN HIRA KANDI,78450,success,"""0730"""
SAI JATIN DUDH SANKALAN KENDRA,5005,22.04.2026,1430,1,1430,1430,HINDUSTAN INDRANIL,78451,success,"""5005"""
SAI JATIN DUDH SANKALAN KENDRA,1509,22.04.2026,1400,1,1400,1400,VALISH,78452,success,"""1509"""
SAI JATIN DUDH SANKALAN KENDRA,1060,22.04.2026,2100,1,2100,2100,SARKI GONI,78453,success,"""1060"""
SAI JATIN DUDH SANKALAN KENDRA,1023,23.04.2026,12600,6,2100,2100,SARKI GONI,78454,success,"""1023"""
SAI JATIN DUDH SANKALAN KENDRA,1894,23.04.2026,1670,1,1670,1670,HINDUSTAN HIRA KANDI,78455,success,"""1894"""
SAI JATIN DUDH SANKALAN KENDRA,1556,23.04.2026,2100,1,2100,2100,SARKI GONI,78456,success,"""1556"""
SAI JATIN DUDH SANKALAN KENDRA,1025,23.04.2026,6680,4,1670,1670,HINDUSTAN HIRA KANDI,78457,success,"""1025"""
SAI JATIN DUDH SANKALAN KENDRA,1547,23.04.2026,1670,1,1670,1670,HINDUSTAN HIRA KANDI,78458,success,"""1547"""
SAI JATIN DUDH SANKALAN KENDRA,1024,23.04.2026,14700,7,2100,2100,SARKI GONI,78459,success,"""1024"""
SAI JATIN DUDH SANKALAN KENDRA,1024,23.04.2026,8350,5,1670,1670,HINDUSTAN HIRA KANDI,78460,success,"""1024"""
SAI JATIN DUDH SANKALAN KENDRA,1024,23.04.2026,7150,5,1430,1430,HINDUSTAN INDRANIL,78461,success,"""1024"""
SAI JATIN DUDH SANKALAN KENDRA,69,23.04.2026,1650,1,1650,1650,NATURE DAIMAND,78462,success,"""0069"""
SAI JATIN DUDH SANKALAN KENDRA,655,23.04.2026,1670,1,1670,1670,HINDUSTAN HIRA KANDI,78463,success,"""0655"""
SAI JATIN DUDH SANKALAN KENDRA,1969,23.04.2026,1570,1,1570,1570,SAHYADARI GOLD,78464,success,"""1969"""
SAI JATIN DUDH SANKALAN KENDRA,1911,23.04.2026,3340,2,1670,1670,HINDUSTAN HIRA KANDI,78465,success,"""1911"""
SAI JATIN DUDH SANKALAN KENDRA,2251,23.04.2026,6680,4,1670,1670,HINDUSTAN HIRA KANDI,78466,success,"""2251"""
SAI JATIN DUDH SANKALAN KENDRA,2251,23.04.2026,1650,1,1650,1650,NATURE DAIMAND,78467,success,"""2251"""
SAI JATIN DUDH SANKALAN KENDRA,2234,23.04.2026,2100,1,2100,2100,SARKI GONI,78468,success,"""2234"""
SAI JATIN DUDH SANKALAN KENDRA,1056,23.04.2026,16500,10,1650,1650,NATURE DAIMAND,78469,success,"""1056"""
SAI JATIN DUDH SANKALAN KENDRA,5026,23.04.2026,1670,1,1670,1670,HINDUSTAN HIRA KANDI,78470,success,"""5026"""
SAI JATIN DUDH SANKALAN KENDRA,5003,23.04.2026,1430,1,1430,1430,HINDUSTAN INDRANIL,78471,success,"""5003"""
SAI JATIN DUDH SANKALAN KENDRA,1643,24.04.2026,3340,2,1670,1670,HINDUSTAN HIRA KANDI,78472,success,"""1643"""
SAI JATIN DUDH SANKALAN KENDRA,1112,24.04.2026,1650,1,1650,1650,NATURE DAIMAND,78473,success,"""1112"""
SAI JATIN DUDH SANKALAN KENDRA,1654,24.04.2026,1650,1,1650,1650,NATURE DAIMAND,78474,success,"""1654"""
SAI JATIN DUDH SANKALAN KENDRA,1653,24.04.2026,2100,1,2100,2100,SARKI GONI,78475,success,"""1653"""
SAI JATIN DUDH SANKALAN KENDRA,1653,24.04.2026,1650,1,1650,1650,NATURE DAIMAND,78476,success,"""1653"""
SAI JATIN DUDH SANKALAN KENDRA,1661,24.04.2026,1650,1,1650,1650,NATURE DAIMAND,78477,success,"""1661"""
SAI JATIN DUDH SANKALAN KENDRA,1025,24.04.2026,5010,3,1670,1670,HINDUSTAN HIRA KANDI,78478,success,"""1025"""
SAI JATIN DUDH SANKALAN KENDRA,1,24.04.2026,1650,1,1650,1650,NATURE DAIMAND,78479,success,"""0001"""
SAI JATIN DUDH SANKALAN KENDRA,126,25.04.2026,1670,1,1670,1670,HINDUSTAN HIRA KANDI,78480,success,"""0126"""
SAI JATIN DUDH SANKALAN KENDRA,385,25.04.2026,2100,1,2100,2100,SARKI GONI,78481,success,"""0385"""
SAI JATIN DUDH SANKALAN KENDRA,1517,25.04.2026,1670,1,1670,1670,HINDUSTAN HIRA KANDI,78482,success,"""1517"""
SAI JATIN DUDH SANKALAN KENDRA,2223,25.04.2026,1670,1,1670,1670,HINDUSTAN HIRA KANDI,78483,success,"""2223"""
SAI JATIN DUDH SANKALAN KENDRA,1060,25.04.2026,2860,2,1430,1430,NATURE EXTRA,78484,success,"""1060"""
SAI JATIN DUDH SANKALAN KENDRA,2275,25.04.2026,1670,1,1670,1670,HINDUSTAN HIRA KANDI,78485,success,"""2275"""
SAI JATIN DUDH SANKALAN KENDRA,2287,25.04.2026,1670,1,1670,1670,HINDUSTAN HIRA KANDI,78486,success,"""2287"""
SAI JATIN DUDH SANKALAN KENDRA,1669,25.04.2026,1670,1,1670,1670,HINDUSTAN HIRA KANDI,78487,success,"""1669"""
SAI JATIN DUDH SANKALAN KENDRA,186,25.04.2026,1570,1,1570,1570,SAHYADARI GOLD,78488,success,"""0186"""
SAI JATIN DUDH SANKALAN KENDRA,29,25.04.2026,2100,1,2100,2100,SARKI GONI,78489,success,"""0029"""
SAI JATIN DUDH SANKALAN KENDRA,29,25.04.2026,1670,1,1670,1670,HINDUSTAN HIRA KANDI,78490,success,"""0029"""
SAI JATIN DUDH SANKALAN KENDRA,1665,25.04.2026,2100,1,2100,2100,SARKI GONI,78491,success,"""1665"""
SAI JATIN DUDH SANKALAN KENDRA,703,25.04.2026,1670,1,1670,1670,HINDUSTAN HIRA KANDI,78492,success,"""0703"""
SAI JATIN DUDH SANKALAN KENDRA,1616,25.04.2026,2100,1,2100,2100,SARKI GONI,78493,success,"""1616"""
SAI JATIN DUDH SANKALAN KENDRA,1616,25.04.2026,1650,1,1650,1650,NATURE DAIMAND,78494,success,"""1616"""
SAI JATIN DUDH SANKALAN KENDRA,1680,25.04.2026,2100,1,2100,2100,SARKI GONI,78495,success,"""1680"""
SAI JATIN DUDH SANKALAN KENDRA,78,26.04.2026,1670,1,1670,1670,HINDUSTAN HIRA KANDI,78496,success,"""0078"""
SAI JATIN DUDH SANKALAN KENDRA,720,26.04.2026,1650,1,1650,1650,NATURE DAIMAND,78497,success,"""0720"""
SAI JATIN DUDH SANKALAN KENDRA,1078,26.04.2026,3340,2,1670,1670,HINDUSTAN HIRA KANDI,78498,success,"""1078"""
SAI JATIN DUDH SANKALAN KENDRA,1103,26.04.2026,1670,1,1670,1670,HINDUSTAN HIRA KANDI,78499,success,"""1103"""
SAI JATIN DUDH SANKALAN KENDRA,1546,26.04.2026,6600,4,1650,1650,NATURE DAIMAND,78500,success,"""1546"""
SAI JATIN DUDH SANKALAN KENDRA,1510,26.04.2026,2100,1,2100,2100,SARKI GONI,78501,success,"""1510"""
SAI JATIN DUDH SANKALAN KENDRA,1510,26.04.2026,1670,1,1670,1670,HINDUSTAN HIRA KANDI,78502,success,"""1510"""
SAI JATIN DUDH SANKALAN KENDRA,1666,26.04.2026,1650,1,1650,1650,NATURE DAIMAND,78503,success,"""1666"""
SAI JATIN DUDH SANKALAN KENDRA,1114,26.04.2026,1650,1,1650,1650,NATURE DAIMAND,78504,success,"""1114"""
SAI JATIN DUDH SANKALAN KENDRA,1503,26.04.2026,2100,1,2100,2100,SARKI GONI,78505,success,"""1503"""
SAI JATIN DUDH SANKALAN KENDRA,1503,26.04.2026,1670,1,1670,1670,HINDUSTAN HIRA KANDI,78506,success,"""1503"""
SAI JATIN DUDH SANKALAN KENDRA,1504,26.04.2026,1670,1,1670,1670,HINDUSTAN HIRA KANDI,78507,success,"""1504"""
SAI JATIN DUDH SANKALAN KENDRA,2251,26.04.2026,6680,4,1670,1670,HINDUSTAN HIRA KANDI,78508,success,"""2251"""
SAI JATIN DUDH SANKALAN KENDRA,1023,26.04.2026,83500,50,1670,1670,HINDUSTAN HIRA KANDI,78509,success,"""1023"""
SAI JATIN DUDH SANKALAN KENDRA,69,26.04.2026,1650,1,1650,1650,NATURE DAIMAND,78510,success,"""0069"""
SAI JATIN DUDH SANKALAN KENDRA,1078,26.04.2026,4200,2,2100,2100,SARKI GONI,78511,success,"""1078"""
SAI JATIN DUDH SANKALAN KENDRA,2284,26.04.2026,1670,1,1670,1670,HINDUSTAN HIRA KANDI,78512,success,"""2284"""
SAI JATIN DUDH SANKALAN KENDRA,2251,26.04.2026,5010,3,1670,1670,HINDUSTAN HIRA KANDI,78513,success,"""2251"""
SAI JATIN DUDH SANKALAN KENDRA,2246,26.04.2026,2100,1,2100,2100,SARKI GONI,78514,success,"""2246"""
SAI JATIN DUDH SANKALAN KENDRA,2246,26.04.2026,1650,1,1650,1650,NATURE DAIMAND,78515,success,"""2246"""
SAI JATIN DUDH SANKALAN KENDRA,1709,27.04.2026,2100,1,2100,2100,SARKI GONI,78516,success,"""1709"""
SAI JATIN DUDH SANKALAN KENDRA,503,27.04.2026,1670,1,1670,1670,HINDUSTAN HIRA KANDI,78517,success,"""0503"""
SAI JATIN DUDH SANKALAN KENDRA,1509,27.04.2026,2800,2,1400,1400,VALISH,78518,success,"""1509"""
SAI JATIN DUDH SANKALAN KENDRA,1552,27.04.2026,2100,1,2100,2100,SARKI GONI,78519,success,"""1552"""
SAI JATIN DUDH SANKALAN KENDRA,1552,27.04.2026,1670,1,1670,1670,HINDUSTAN HIRA KANDI,78520,success,"""1552"""
SAI JATIN DUDH SANKALAN KENDRA,186,27.04.2026,1570,1,1570,1570,SAHYADARI GOLD,78521,success,"""0186"""
SAI JATIN DUDH SANKALAN KENDRA,1670,27.04.2026,3300,2,1650,1650,NATURE DAIMAND,78522,success,"""1670"""
SAI JATIN DUDH SANKALAN KENDRA,1544,27.04.2026,1670,1,1670,1670,HINDUSTAN HIRA KANDI,78523,success,"""1544"""
SAI JATIN DUDH SANKALAN KENDRA,1025,27.04.2026,10500,5,2100,2100,SARKI GONI,78524,success,"""1025"""
SAI JATIN DUDH SANKALAN KENDRA,1025,27.04.2026,8350,5,1670,1670,HINDUSTAN HIRA KANDI,78525,success,"""1025"""
SAI JATIN DUDH SANKALAN KENDRA,1303,27.04.2026,2100,1,2100,2100,SARKI GONI,78526,success,"""1303"""
SAI JATIN DUDH SANKALAN KENDRA,1754,28.04.2026,1650,1,1650,1650,NATURE DAIMAND,78527,success,"""1754"""
SAI JATIN DUDH SANKALAN KENDRA,113,28.04.2026,1670,1,1670,1670,HINDUSTAN HIRA KANDI,78528,success,"""0113"""
SAI JATIN DUDH SANKALAN KENDRA,1056,28.04.2026,2100,1,2100,2100,SARKI GONI,78529,success,"""1056"""
SAI JATIN DUDH SANKALAN KENDRA,1056,28.04.2026,3300,2,1650,1650,NATURE DAIMAND,78530,success,"""1056"""
SAI JATIN DUDH SANKALAN KENDRA,1416,28.04.2026,1650,1,1650,1650,NATURE DAIMAND,78531,success,"""1416"""
SAI JATIN DUDH SANKALAN KENDRA,1457,28.04.2026,2100,1,2100,2100,SARKI GONI,78532,success,"""1457"""
SAI JATIN DUDH SANKALAN KENDRA,1060,28.04.2026,2100,1,2100,2100,SARKI GONI,78533,success,"""1060"""
SAI JATIN DUDH SANKALAN KENDRA,1060,28.04.2026,1430,1,1430,1430,HINDUSTAN INDRANIL,78534,success,"""1060"""
SAI JATIN DUDH SANKALAN KENDRA,2251,28.04.2026,1670,1,1670,1670,HINDUSTAN HIRA KANDI,78535,success,"""2251"""
SAI JATIN DUDH SANKALAN KENDRA,1610,28.04.2026,1650,1,1650,1650,NATURE DAIMAND,78536,success,"""1610"""
SAI JATIN DUDH SANKALAN KENDRA,1624,28.04.2026,2100,1,2100,2100,SARKI GONI,78537,success,"""1624"""
SAI JATIN DUDH SANKALAN KENDRA,29,28.04.2026,1570,1,1570,1570,SAHYADARI GOLD,78538,success,"""0029"""
SAI JATIN DUDH SANKALAN KENDRA,29,28.04.2026,2100,1,2100,2100,SARKI GONI,78539,success,"""0029"""
SAI JATIN DUDH SANKALAN KENDRA,2206,28.04.2026,1670,1,1670,1670,HINDUSTAN HIRA KANDI,78540,success,"""2206"""
SAI JATIN DUDH SANKALAN KENDRA,2284,01.05.2026,2100,1,2100,2100,SARKI GONI,78541,success,"""2284"""
SAI JATIN DUDH SANKALAN KENDRA,578,29.04.2026,2100,1,2100,2100,SARKI GONI,78542,success,"""0578"""
SAI JATIN DUDH SANKALAN KENDRA,385,29.04.2026,2100,1,2100,2100,SARKI GONI,78543,success,"""0385"""
SAI JATIN DUDH SANKALAN KENDRA,15,29.04.2026,1430,1,1430,1430,HINDUSTAN INDRANIL,78544,success,"""0015"""
SAI JATIN DUDH SANKALAN KENDRA,5001,01.05.2026,8250,5,1650,1650,NATURE DAIMAND,78545,success,"""5001"""
SAI JATIN DUDH SANKALAN KENDRA,730,29.04.2026,1670,1,1670,1670,HINDUSTAN HIRA KANDI,78546,success,"""0730"""
SAI JATIN DUDH SANKALAN KENDRA,5002,01.05.2026,2860,2,1430,1430,HINDUSTAN INDRANIL,78547,success,"""5002"""
SAI JATIN DUDH SANKALAN KENDRA,1701,29.04.2026,2100,1,2100,2100,SARKI GONI,78548,success,"""1701"""
SAI JATIN DUDH SANKALAN KENDRA,1702,29.04.2026,2100,1,2100,2100,SARKI GONI,78549,success,"""1702"""
SAI JATIN DUDH SANKALAN KENDRA,1033,29.04.2026,2100,1,2100,2100,SARKI GONI,78550,success,"""1033"""
SAI JATIN DUDH SANKALAN KENDRA,69,01.05.2026,1650,1,1650,1650,NATURE DAIMAND,78551,success,"""0069"""
SAI JATIN DUDH SANKALAN KENDRA,126,01.05.2026,1670,1,1670,1670,HINDUSTAN HIRA KANDI,78552,success,"""0126"""
SAI JATIN DUDH SANKALAN KENDRA,250,01.05.2026,1570,1,1570,1570,SAHYADARI GOLD,78553,success,"""0250"""
SAI JATIN DUDH SANKALAN KENDRA,1754,01.05.2026,2100,1,2100,2100,SARKI GONI,78554,success,"""1754"""
SAI JATIN DUDH SANKALAN KENDRA,1754,01.05.2026,4950,3,1650,1650,NATURE DAIMAND,78555,success,"""1754"""
SAI JATIN DUDH SANKALAN KENDRA,1910,01.05.2026,1430,1,1430,1430,HINDUSTAN INDRANIL,78556,success,"""1910"""
SAI JATIN DUDH SANKALAN KENDRA,1706,01.05.2026,1670,1,1670,1670,HINDUSTAN HIRA KANDI,78557,success,"""1706"""
SAI JATIN DUDH SANKALAN KENDRA,1925,01.05.2026,1430,1,1430,1430,HINDUSTAN INDRANIL,78558,success,"""1925"""
SAI JATIN DUDH SANKALAN KENDRA,1925,01.05.2026,3340,2,1670,1670,HINDUSTAN HIRA KANDI,78559,success,"""1925"""
SAI JATIN DUDH SANKALAN KENDRA,1925,01.05.2026,2100,1,2100,2100,SARKI GONI,78560,success,"""1925"""
SAI JATIN DUDH SANKALAN KENDRA,1796,01.05.2026,3340,2,1670,1670,HINDUSTAN HIRA KANDI,78561,success,"""1796"""
SAI JATIN DUDH SANKALAN KENDRA,1728,01.05.2026,2100,1,2100,2100,SARKI GONI,78562,success,"""1728"""
SAI JATIN DUDH SANKALAN KENDRA,1707,01.05.2026,1650,1,1650,1650,NATURE DAIMAND,78563,success,"""1707"""
SAI JATIN DUDH SANKALAN KENDRA,1768,01.05.2026,1670,1,1670,1670,HINDUSTAN HIRA KANDI,78564,success,"""1768"""
SAI JATIN DUDH SANKALAN KENDRA,1765,01.05.2026,1670,1,1670,1670,HINDUSTAN HIRA KANDI,78565,success,"""1765"""
SAI JATIN DUDH SANKALAN KENDRA,1713,01.05.2026,1650,1,1650,1650,NATURE DAIMAND,78566,success,"""1713"""
SAI JATIN DUDH SANKALAN KENDRA,1759,01.05.2026,2100,1,2100,2100,SARKI GONI,78567,success,"""1759"""
SAI JATIN DUDH SANKALAN KENDRA,1759,01.05.2026,1670,1,1670,1670,HINDUSTAN HIRA KANDI,78568,success,"""1759"""
SAI JATIN DUDH SANKALAN KENDRA,1787,01.05.2026,1670,1,1670,1670,HINDUSTAN HIRA KANDI,78569,success,"""1787"""
SAI JATIN DUDH SANKALAN KENDRA,1724,01.05.2026,2100,1,2100,2100,SARKI GONI,78570,success,"""1724"""
SAI JATIN DUDH SANKALAN KENDRA,1746,01.05.2026,1670,1,1670,1670,HINDUSTAN HIRA KANDI,78571,success,"""1746"""
SAI JATIN DUDH SANKALAN KENDRA,1756,01.05.2026,1670,1,1670,1670,HINDUSTAN HIRA KANDI,78572,success,"""1756"""
SAI JATIN DUDH SANKALAN KENDRA,1733,01.05.2026,3300,2,1650,1650,NATURE DAIMAND,78573,success,"""1733"""
SAI JATIN DUDH SANKALAN KENDRA,5024,01.05.2026,2100,1,2100,2100,SARKI GONI,78574,success,"""5024"""
SAI JATIN DUDH SANKALAN KENDRA,1033,01.05.2026,1430,1,1430,1430,HINDUSTAN INDRANIL,78575,success,"""1033"""
SAI JATIN DUDH SANKALAN KENDRA,5009,01.05.2026,1430,1,1430,1430,HINDUSTAN INDRANIL,78576,success,"""5009"""
SAI JATIN DUDH SANKALAN KENDRA,1056,01.05.2026,3300,2,1650,1650,NATURE DAIMAND,78577,success,"""1056"""
SAI JATIN DUDH SANKALAN KENDRA,1060,01.05.2026,2100,1,2100,2100,SARKI GONI,78578,success,"""1060"""
SAI JATIN DUDH SANKALAN KENDRA,1060,01.05.2026,4290,3,1430,1430,HINDUSTAN INDRANIL,78579,success,"""1060"""
SAI JATIN DUDH SANKALAN KENDRA,1060,01.05.2026,1230,1,1230,1230,HINDUSTAN MAKA,78580,success,"""1060"""
SAI JATIN DUDH SANKALAN KENDRA,1888,01.05.2026,2100,1,2100,2100,SARKI GONI,78581,success,"""1888"""
SAI JATIN DUDH SANKALAN KENDRA,1856,01.05.2026,2100,1,2100,2100,SARKI GONI,78582,success,"""1856"""
SAI JATIN DUDH SANKALAN KENDRA,1856,01.05.2026,1670,1,1670,1670,HINDUSTAN HIRA KANDI,78583,success,"""1856"""
SAI JATIN DUDH SANKALAN KENDRA,1836,01.05.2026,2100,1,2100,2100,SARKI GONI,78584,success,"""1836"""
SAI JATIN DUDH SANKALAN KENDRA,1836,01.05.2026,1570,1,1570,1570,SAHYADARI GOLD,78585,success,"""1836"""
SAI JATIN DUDH SANKALAN KENDRA,1857,01.05.2026,3300,2,1650,1650,NATURE DAIMAND,78586,success,"""1857"""
SAI JATIN DUDH SANKALAN KENDRA,1897,01.05.2026,2100,1,2100,2100,SARKI GONI,78587,success,"""1897"""
SAI JATIN DUDH SANKALAN KENDRA,1025,01.05.2026,1570,1,1570,1570,SAHYADARI GOLD,78588,success,"""1025"""
SAI JATIN DUDH SANKALAN KENDRA,1025,01.05.2026,8350,5,1670,1670,HINDUSTAN HIRA KANDI,78589,success,"""1025"""
SAI JATIN DUDH SANKALAN KENDRA,1658,01.05.2026,5010,3,1670,1670,HINDUSTAN HIRA KANDI,78590,success,"""1658"""
SAI JATIN DUDH SANKALAN KENDRA,1693,01.05.2026,5010,3,1670,1670,HINDUSTAN HIRA KANDI,78591,success,"""1693"""
SAI JATIN DUDH SANKALAN KENDRA,2275,01.05.2026,1670,1,1670,1670,HINDUSTAN HIRA KANDI,78592,success,"""2275"""
SAI JATIN DUDH SANKALAN KENDRA,2275,01.05.2026,2100,1,2100,2100,SARKI GONI,78593,success,"""2275"""
SAI JATIN DUDH SANKALAN KENDRA,1618,01.05.2026,4200,2,2100,2100,SARKI GONI,78594,success,"""1618"""
SAI JATIN DUDH SANKALAN KENDRA,1618,01.05.2026,1670,1,1670,1670,HINDUSTAN HIRA KANDI,78595,success,"""1618"""
SAI JATIN DUDH SANKALAN KENDRA,1653,01.05.2026,2100,1,2100,2100,SARKI GONI,78596,success,"""1653"""
SAI JATIN DUDH SANKALAN KENDRA,1653,01.05.2026,1650,1,1650,1650,NATURE DAIMAND,78597,success,"""1653"""
SAI JATIN DUDH SANKALAN KENDRA,1643,01.05.2026,3340,2,1670,1670,HINDUSTAN HIRA KANDI,78598,success,"""1643"""
SAI JATIN DUDH SANKALAN KENDRA,1662,01.05.2026,3300,2,1650,1650,NATURE DAIMAND,78599,success,"""1662"""
SAI JATIN DUDH SANKALAN KENDRA,1102,01.05.2026,4200,2,2100,2100,SARKI GONI,78600,success,"""1102"""
SAI JATIN DUDH SANKALAN KENDRA,1102,01.05.2026,1670,1,1670,1670,HINDUSTAN HIRA KANDI,78601,success,"""1102"""
SAI JATIN DUDH SANKALAN KENDRA,480,01.05.2026,2100,1,2100,2100,SARKI GONI,78602,success,"""0480"""
SAI JATIN DUDH SANKALAN KENDRA,480,01.05.2026,1670,1,1670,1670,HINDUSTAN HIRA KANDI,78603,success,"""0480"""
SAI JATIN DUDH SANKALAN KENDRA,1547,01.05.2026,2100,1,2100,2100,SARKI GONI,78604,success,"""1547"""
SAI JATIN DUDH SANKALAN KENDRA,1552,01.05.2026,2100,1,2100,2100,SARKI GONI,78605,success,"""1552"""
SAI JATIN DUDH SANKALAN KENDRA,1552,01.05.2026,1670,1,1670,1670,HINDUSTAN HIRA KANDI,78606,success,"""1552"""
SAI JATIN DUDH SANKALAN KENDRA,1544,01.05.2026,1670,1,1670,1670,HINDUSTAN HIRA KANDI,78607,success,"""1544"""
SAI JATIN DUDH SANKALAN KENDRA,1523,01.05.2026,2100,1,2100,2100,SARKI GONI,78608,success,"""1523"""
SAI JATIN DUDH SANKALAN KENDRA,1523,01.05.2026,1670,1,1670,1670,HINDUSTAN HIRA KANDI,78609,success,"""1523"""
SAI JATIN DUDH SANKALAN KENDRA,1512,01.05.2026,1670,1,1670,1670,HINDUSTAN HIRA KANDI,78610,success,"""1512"""
SAI JATIN DUDH SANKALAN KENDRA,1404,01.05.2026,1670,1,1670,1670,HINDUSTAN HIRA KANDI,78611,success,"""1404"""
SAI JATIN DUDH SANKALAN KENDRA,703,01.05.2026,1670,1,1670,1670,HINDUSTAN HIRA KANDI,78612,success,"""0703"""
SAI JATIN DUDH SANKALAN KENDRA,1928,01.05.2026,1670,1,1670,1670,HINDUSTAN HIRA KANDI,78613,success,"""1928"""
SAI JATIN DUDH SANKALAN KENDRA,1969,01.05.2026,3140,2,1570,1570,SAHYADARI GOLD,78614,success,"""1969"""
SAI JATIN DUDH SANKALAN KENDRA,1970,01.05.2026,3140,2,1570,1570,SAHYADARI GOLD,78615,success,"""1970"""
SAI JATIN DUDH SANKALAN KENDRA,503,01.05.2026,1670,1,1670,1670,HINDUSTAN HIRA KANDI,78616,success,"""0503"""
SAI JATIN DUDH SANKALAN KENDRA,1916,01.05.2026,1570,1,1570,1570,SAHYADARI GOLD,78617,success,"""1916"""
SAI JATIN DUDH SANKALAN KENDRA,1453,01.05.2026,4200,2,2100,2100,SARKI GONI,78618,success,"""1453"""
SAI JATIN DUDH SANKALAN KENDRA,1453,01.05.2026,2460,2,1230,1230,HINDUSTAN MAKA,78619,success,"""1453"""
SAI JATIN DUDH SANKALAN KENDRA,1453,01.05.2026,8250,5,1650,1650,NATURE DAIMAND,78620,success,"""1453"""
SAI JATIN DUDH SANKALAN KENDRA,1078,01.05.2026,11690,7,1670,1670,HINDUSTAN HIRA KANDI,78621,success,"""1078"""
SAI JATIN DUDH SANKALAN KENDRA,1441,01.05.2026,1650,1,1650,1650,NATURE DAIMAND,78622,success,"""1441"""
SAI JATIN DUDH SANKALAN KENDRA,1454,01.05.2026,1650,1,1650,1650,NATURE DAIMAND,78623,success,"""1454"""
SAI JATIN DUDH SANKALAN KENDRA,1,01.05.2026,3300,2,1650,1650,NATURE DAIMAND,78624,success,"""0001"""
SAI JATIN DUDH SANKALAN KENDRA,1418,01.05.2026,1650,1,1650,1650,NATURE DAIMAND,78625,success,"""1418"""
SAI JATIN DUDH SANKALAN KENDRA,1477,01.05.2026,1650,1,1650,1650,NATURE DAIMAND,78626,success,"""1477"""
SAI JATIN DUDH SANKALAN KENDRA,1402,01.05.2026,4200,2,2100,2100,SARKI GONI,78627,success,"""1402"""
SAI JATIN DUDH SANKALAN KENDRA,1402,01.05.2026,3300,2,1650,1650,NATURE DAIMAND,78628,success,"""1402"""
SAI JATIN DUDH SANKALAN KENDRA,1410,01.05.2026,1650,1,1650,1650,NATURE DAIMAND,78629,success,"""1410"""
SAI JATIN DUDH SANKALAN KENDRA,1416,01.05.2026,1650,1,1650,1650,NATURE DAIMAND,78630,success,"""1416"""
SAI JATIN DUDH SANKALAN KENDRA,2287,01.05.2026,1670,1,1670,1670,HINDUSTAN HIRA KANDI,78631,success,"""2287"""
SAI JATIN DUDH SANKALAN KENDRA,1765,01.05.2026,1670,1,1670,1670,HINDUSTAN HIRA KANDI,78632,success,"""1765"""
SAI JATIN DUDH SANKALAN KENDRA,1661,01.05.2026,1650,1,1650,1650,NATURE DAIMAND,78633,success,"""1661"""
SAI JATIN DUDH SANKALAN KENDRA,2251,01.05.2026,16700,10,1670,1670,HINDUSTAN HIRA KANDI,78634,success,"""2251"""
SAI JATIN DUDH SANKALAN KENDRA,1060,01.05.2026,1430,1,1430,1430,HINDUSTAN INDRANIL,78635,success,"""1060"""
SAI JATIN DUDH SANKALAN KENDRA,1060,01.05.2026,1430,1,1430,1430,NATURE EXTRA,78636,success,"""1060"""
SAI JATIN DUDH SANKALAN KENDRA,1874,01.05.2026,2100,1,2100,2100,SARKI GONI,78637,success,"""1874"""
SAI JATIN DUDH SANKALAN KENDRA,1691,01.05.2026,2100,1,2100,2100,SARKI GONI,78638,success,"""1691"""
SAI JATIN DUDH SANKALAN KENDRA,140,01.05.2026,2100,1,2100,2100,SARKI GONI,78639,success,"""0140"""
SAI JATIN DUDH SANKALAN KENDRA,186,01.05.2026,1570,1,1570,1570,SAHYADARI GOLD,78640,success,"""0186"""
SAI JATIN DUDH SANKALAN KENDRA,29,01.05.2026,2100,1,2100,2100,SARKI GONI,78641,success,"""0029"""
SAI JATIN DUDH SANKALAN KENDRA,1407,01.05.2026,1400,1,1400,1400,VALISH,78642,success,"""1407"""
SAI JATIN DUDH SANKALAN KENDRA,1595,01.05.2026,10020,6,1670,1670,HINDUSTAN HIRA KANDI,78643,success,"""1595"""
SAI JATIN DUDH SANKALAN KENDRA,1572,01.05.2026,1670,1,1670,1670,HINDUSTAN HIRA KANDI,78644,success,"""1572"""
SAI JATIN DUDH SANKALAN KENDRA,1572,01.05.2026,2100,1,2100,2100,SARKI GONI,78645,success,"""1572"""
SAI JATIN DUDH SANKALAN KENDRA,69,01.05.2026,1650,1,1650,1650,NATURE DAIMAND,78646,success,"""0069"""
SAI JATIN DUDH SANKALAN KENDRA,385,01.05.2026,2100,1,2100,2100,SARKI GONI,78647,success,"""0385"""
SAI JATIN DUDH SANKALAN KENDRA,53,02.05.2026,1650,1,1650,1650,NATURE DAIMAND,78648,success,"""0053"""
SAI JATIN DUDH SANKALAN KENDRA,389,02.05.2026,2100,1,2100,2100,SARKI GONI,78649,success,"""0389"""
SAI JATIN DUDH SANKALAN KENDRA,503,02.05.2026,1670,1,1670,1670,HINDUSTAN HIRA KANDI,78650,success,"""0503"""
SAI JATIN DUDH SANKALAN KENDRA,1911,02.05.2026,3340,2,1670,1670,HINDUSTAN HIRA KANDI,78651,success,"""1911"""
SAI JATIN DUDH SANKALAN KENDRA,2246,02.05.2026,2100,1,2100,2100,SARKI GONI,78652,success,"""2246"""
SAI JATIN DUDH SANKALAN KENDRA,2246,02.05.2026,3300,2,1650,1650,NATURE DAIMAND,78653,success,"""2246"""
SAI JATIN DUDH SANKALAN KENDRA,2296,02.05.2026,2100,1,2100,2100,SARKI GONI,78654,success,"""2296"""
SAI JATIN DUDH SANKALAN KENDRA,2251,02.05.2026,2100,1,2100,2100,SARKI GONI,78655,success,"""2251"""
SAI JATIN DUDH SANKALAN KENDRA,2251,02.05.2026,5010,3,1670,1670,HINDUSTAN HIRA KANDI,78656,success,"""2251"""
SAI JATIN DUDH SANKALAN KENDRA,2237,02.05.2026,2100,1,2100,2100,SARKI GONI,78657,success,"""2237"""
SAI JATIN DUDH SANKALAN KENDRA,1023,02.05.2026,16800,8,2100,2100,SARKI GONI,78658,success,"""1023"""
SAI JATIN DUDH SANKALAN KENDRA,5003,02.05.2026,1430,1,1430,1430,HINDUSTAN INDRANIL,78659,success,"""5003"""
SAI JATIN DUDH SANKALAN KENDRA,5004,02.05.2026,2100,1,2100,2100,SARKI GONI,78660,success,"""5004"""
SAI JATIN DUDH SANKALAN KENDRA,5004,02.05.2026,1430,1,1430,1430,HINDUSTAN INDRANIL,78661,success,"""5004"""
SAI JATIN DUDH SANKALAN KENDRA,447,02.05.2026,2100,1,2100,2100,SARKI GONI,78662,success,"""0447"""
SAI JATIN DUDH SANKALAN KENDRA,703,02.05.2026,1670,1,1670,1670,HINDUSTAN HIRA KANDI,78663,success,"""0703"""
SAI JATIN DUDH SANKALAN KENDRA,1509,02.05.2026,10500,5,2100,2100,SARKI GONI,78664,success,"""1509"""
SAI JATIN DUDH SANKALAN KENDRA,1509,02.05.2026,8250,5,1650,1650,NATURE DAIMAND,78665,success,"""1509"""
SAI JATIN DUDH SANKALAN KENDRA,1509,02.05.2026,7000,5,1400,1400,VALISH,78666,success,"""1509"""
SAI JATIN DUDH SANKALAN KENDRA,1545,02.05.2026,1670,1,1670,1670,HINDUSTAN HIRA KANDI,78667,success,"""1545"""
SAI JATIN DUDH SANKALAN KENDRA,1574,02.05.2026,2100,1,2100,2100,SARKI GONI,78668,success,"""1574"""
SAI JATIN DUDH SANKALAN KENDRA,1676,02.05.2026,1650,1,1650,1650,NATURE DAIMAND,78669,success,"""1676"""
SAI JATIN DUDH SANKALAN KENDRA,1687,02.05.2026,1650,1,1650,1650,NATURE DAIMAND,78670,success,"""1687"""
SAI JATIN DUDH SANKALAN KENDRA,1666,02.05.2026,3300,2,1650,1650,NATURE DAIMAND,78671,success,"""1666"""
SAI JATIN DUDH SANKALAN KENDRA,1023,28.04.2026,47400,30,1580,1580,NATURE DAIMAND,78672,success,"""1023"""
ANJANI DUDH-PRAMOD LAHARE,3512,28.04.2026,23850,15,1590,1590,NATURE DAIMAND,78673,success,"""3512"""
ANJANI DUDH-PRAMOD LAHARE,3533,28.04.2026,79500,50,1590,1590,NATURE DAIMAND,78674,success,"""3533"""
SAI JATIN DUDH SANKALAN KENDRA,1021,28.04.2026,46800,30,1560,1560,NATURE DAIMAND,78675,success,"""1021"""
SAI JATIN DUDH SANKALAN KENDRA,1,28.04.2026,124800,80,1560,1560,NATURE DAIMAND,78676,success,"""0001"""
SAI JATIN DUDH SANKALAN KENDRA,1024,28.04.2026,39500,25,1580,1580,NATURE DAIMAND,78677,success,"""1024"""
SAI JATIN DUDH SANKALAN KENDRA,1,01.05.2026,23700,15,1580,1580,HINDUSTAN HIRA KANDI,78678,success,"""0001"""
SAI JATIN DUDH SANKALAN KENDRA,2243,02.05.2026,2100,1,2100,2100,SARKI GONI,78679,success,"""2243"""
SAI JATIN DUDH SANKALAN KENDRA,2243,02.05.2026,1670,1,1670,1670,HINDUSTAN HIRA KANDI,78680,success,"""2243"""
SAI JATIN DUDH SANKALAN KENDRA,2210,02.05.2026,8350,5,1670,1670,HINDUSTAN HIRA KANDI,78681,success,"""2210"""
SAI JATIN DUDH SANKALAN KENDRA,1407,02.05.2026,2800,2,1400,1400,VALISH,78682,success,"""1407"""
SAI JATIN DUDH SANKALAN KENDRA,720,02.05.2026,1650,1,1650,1650,NATURE DAIMAND,78683,success,"""0720"""
SAI JATIN DUDH SANKALAN KENDRA,389,02.05.2026,1430,1,1430,1430,HINDUSTAN INDRANIL,78684,success,"""0389"""
SAI JATIN DUDH SANKALAN KENDRA,1078,02.05.2026,10500,5,2100,2100,SARKI GONI,78685,success,"""1078"""
SAI JATIN DUDH SANKALAN KENDRA,336,02.05.2026,1670,1,1670,1670,HINDUSTAN HIRA KANDI,78686,success,"""0336"""
SAI JATIN DUDH SANKALAN KENDRA,1928,02.05.2026,10020,6,1670,1670,HINDUSTAN HIRA KANDI,78687,success,"""1928"""
SAI JATIN DUDH SANKALAN KENDRA,1927,02.05.2026,3340,2,1670,1670,HINDUSTAN HIRA KANDI,78688,success,"""1927"""
SAI JATIN DUDH SANKALAN KENDRA,1931,03.05.2026,2100,1,2100,2100,SARKI GONI,78689,success,"""1931"""
SAI JATIN DUDH SANKALAN KENDRA,1931,03.05.2026,1670,1,1670,1670,HINDUSTAN HIRA KANDI,78690,success,"""1931"""
SAI JATIN DUDH SANKALAN KENDRA,730,03.05.2026,1670,1,1670,1670,HINDUSTAN HIRA KANDI,78691,success,"""0730"""
SAI JATIN DUDH SANKALAN KENDRA,1856,03.05.2026,2100,1,2100,2100,SARKI GONI,78692,success,"""1856"""
SAI JATIN DUDH SANKALAN KENDRA,1856,03.05.2026,3340,2,1670,1670,HINDUSTAN HIRA KANDI,78693,success,"""1856"""
SAI JATIN DUDH SANKALAN KENDRA,29,03.05.2026,1570,1,1570,1570,SAHYADARI GOLD,78694,success,"""0029"""
SAI JATIN DUDH SANKALAN KENDRA,1025,03.05.2026,5010,3,1670,1670,HINDUSTAN HIRA KANDI,78695,success,"""1025"""
SAI JATIN DUDH SANKALAN KENDRA,1638,03.05.2026,11550,7,1650,1650,NATURE DAIMAND,78696,success,"""1638"""
SAI JATIN DUDH SANKALAN KENDRA,1888,03.05.2026,2100,1,2100,2100,SARKI GONI,78697,success,"""1888"""
SAI JATIN DUDH SANKALAN KENDRA,2251,03.05.2026,2100,1,2100,2100,SARKI GONI,78698,success,"""2251"""
SAI JATIN DUDH SANKALAN KENDRA,2251,03.05.2026,5010,3,1670,1670,HINDUSTAN HIRA KANDI,78699,success,"""2251"""
SAI JATIN DUDH SANKALAN KENDRA,2251,03.05.2026,1650,1,1650,1650,NATURE DAIMAND,78700,success,"""2251"""
SAI JATIN DUDH SANKALAN KENDRA,1612,03.05.2026,1650,1,1650,1650,NATURE DAIMAND,78701,success,"""1612"""
SAI JATIN DUDH SANKALAN KENDRA,1689,03.05.2026,2100,1,2100,2100,SARKI GONI,78702,success,"""1689"""
SAI JATIN DUDH SANKALAN KENDRA,1631,03.05.2026,6600,4,1650,1650,NATURE DAIMAND,78703,success,"""1631"""
SAI JATIN DUDH SANKALAN KENDRA,1654,03.05.2026,1650,1,1650,1650,NATURE DAIMAND,78704,success,"""1654"""
SAI JATIN DUDH SANKALAN KENDRA,1504,05.04.2026,1670,1,1670,1670,HINDUSTAN HIRA KANDI,78705,success,"""1504"""
SAI JATIN DUDH SANKALAN KENDRA,1996,05.04.2026,4200,2,2100,2100,SARKI GONI,78706,success,"""1996"""
SAI JATIN DUDH SANKALAN KENDRA,1996,05.04.2026,4710,3,1570,1570,SAHYADARI GOLD,78707,success,"""1996"""
SAI JATIN DUDH SANKALAN KENDRA,1996,05.04.2026,1230,1,1230,1230,NATURE MAKA,78708,success,"""1996"""
SAI JATIN DUDH SANKALAN KENDRA,1912,05.04.2026,1650,1,1650,1650,NATURE DAIMAND,78709,success,"""1912"""
SAI JATIN DUDH SANKALAN KENDRA,1412,05.04.2026,1650,1,1650,1650,NATURE DAIMAND,78710,success,"""1412"""
SAI JATIN DUDH SANKALAN KENDRA,1412,05.04.2026,1230,1,1230,1230,HINDUSTAN MAKA,78711,success,"""1412"""
SAI JATIN DUDH SANKALAN KENDRA,2236,05.04.2026,1670,1,1670,1670,HINDUSTAN HIRA KANDI,78712,success,"""2236"""
SAI JATIN DUDH SANKALAN KENDRA,2287,05.04.2026,1670,1,1670,1670,HINDUSTAN HIRA KANDI,78713,success,"""2287"""
SAI JATIN DUDH SANKALAN KENDRA,1023,05.04.2026,8350,5,1670,1670,HINDUSTAN HIRA KANDI,78714,success,"""1023"""
SAI JATIN DUDH SANKALAN KENDRA,5012,05.04.2026,2100,1,2100,2100,SARKI GONI,78715,success,"""5012"""
SAI JATIN DUDH SANKALAN KENDRA,1538,05.04.2026,1670,1,1670,1670,HINDUSTAN HIRA KANDI,78716,success,"""1538"""
SAI JATIN DUDH SANKALAN KENDRA,5005,05.04.2026,2100,1,2100,2100,SARKI GONI,78717,success,"""5005"""
SAI JATIN DUDH SANKALAN KENDRA,1571,05.04.2026,5010,3,1670,1670,HINDUSTAN HIRA KANDI,78718,success,"""1571"""
SAI JATIN DUDH SANKALAN KENDRA,1571,05.04.2026,1400,1,1400,1400,VALISH,78719,success,"""1571"""
SAI JATIN DUDH SANKALAN KENDRA,1514,05.04.2026,1670,1,1670,1670,HINDUSTAN HIRA KANDI,78720,success,"""1514"""
SAI JATIN DUDH SANKALAN KENDRA,1546,05.04.2026,6600,4,1650,1650,NATURE DAIMAND,78721,success,"""1546"""
SAI JATIN DUDH SANKALAN KENDRA,186,05.04.2026,1570,1,1570,1570,SAHYADARI GOLD,78722,success,"""0186"""
SAI JATIN DUDH SANKALAN KENDRA,1894,05.04.2026,1670,1,1670,1670,HINDUSTAN HIRA KANDI,78723,success,"""1894"""
SAI JATIN DUDH SANKALAN KENDRA,29,05.04.2026,2100,1,2100,2100,SARKI GONI,78724,success,"""0029"""
SAI JATIN DUDH SANKALAN KENDRA,29,05.04.2026,1650,1,1650,1650,NATURE DAIMAND,78725,success,"""0029"""
SAI JATIN DUDH SANKALAN KENDRA,1025,05.04.2026,3340,2,1670,1670,HINDUSTAN HIRA KANDI,78726,success,"""1025"""
SAI JATIN DUDH SANKALAN KENDRA,1025,05.04.2026,3300,2,1650,1650,NATURE DAIMAND,78727,success,"""1025"""
SAI JATIN DUDH SANKALAN KENDRA,1897,05.04.2026,1650,1,1650,1650,NATURE DAIMAND,78728,success,"""1897"""
SAI JATIN DUDH SANKALAN KENDRA,126,05.04.2026,1670,1,1670,1670,HINDUSTAN HIRA KANDI,78729,success,"""0126"""
SAI JATIN DUDH SANKALAN KENDRA,69,05.04.2026,1650,1,1650,1650,NATURE DAIMAND,78730,success,"""0069"""
SAI JATIN DUDH SANKALAN KENDRA,503,05.05.2026,1670,1,1670,1670,HINDUSTAN HIRA KANDI,78731,success,"""0503"""
SAI JATIN DUDH SANKALAN KENDRA,2311,05.05.2026,2100,1,2100,2100,SARKI GONI,78732,success,"""2311"""
SAI JATIN DUDH SANKALAN KENDRA,2251,05.05.2026,1670,1,1670,1670,HINDUSTAN HIRA KANDI,78733,success,"""2251"""
SAI JATIN DUDH SANKALAN KENDRA,2251,05.05.2026,1430,1,1430,1430,HINDUSTAN INDRANIL,78734,success,"""2251"""
SAI JATIN DUDH SANKALAN KENDRA,2237,05.05.2026,2100,1,2100,2100,SARKI GONI,78735,success,"""2237"""
SAI JATIN DUDH SANKALAN KENDRA,1033,05.05.2026,4200,2,2100,2100,SARKI GONI,78736,success,"""1033"""
SAI JATIN DUDH SANKALAN KENDRA,1025,05.05.2026,4950,3,1650,1650,NATURE DAIMAND,78737,success,"""1025"""
SAI JATIN DUDH SANKALAN KENDRA,1813,05.05.2026,1570,1,1570,1570,SAHYADARI GOLD,78738,success,"""1813"""
SAI JATIN DUDH SANKALAN KENDRA,1673,05.05.2026,2100,1,2100,2100,SARKI GONI,78739,success,"""1673"""
SAI JATIN DUDH SANKALAN KENDRA,1619,05.05.2026,2100,1,2100,2100,SARKI GONI,78740,success,"""1619"""
SAI JATIN DUDH SANKALAN KENDRA,1650,05.05.2026,2100,1,2100,2100,SARKI GONI,78741,success,"""1650"""
ANJANI DUDH-PRAMOD LAHARE,3574,29.04.2026,48600,30,1620,1620,HINDUSTAN HIRA KANDI,78742,success,"""3574"""
ANJANI DUDH-PRAMOD LAHARE,3574,29.04.2026,30600,15,2040,2040,HINDUSTAN SARKI,78743,success,"""3574"""
ANJANI DUDH-PRAMOD LAHARE,3531,29.04.2026,64800,40,1620,1620,HINDUSTAN HIRA KANDI,78744,success,"""3531"""
SAI JATIN DUDH SANKALAN KENDRA,1,05.05.2026,47400,30,1580,1580,HINDUSTAN HIRA KANDI,78745,success,"""0001"""
SAI JATIN DUDH SANKALAN KENDRA,1,05.05.2026,26800,20,1340,1340,HINDUSTAN INDRANIL,78746,success,"""0001"""
SAI JATIN DUDH SANKALAN KENDRA,1,05.04.2026,63200,40,1580,1580,NATURE DAIMAND,78747,success,"""0001"""
SAI JATIN DUDH SANKALAN KENDRA,1,05.04.2026,39500,25,1580,1580,NATURE DAIMAND,78748,success,"""0001"""
GURUMAULI DUDH -KAMLAKAR DABHADE,6215,05.04.2026,111300,70,1590,1590,NATURE DAIMAND,78749,success,"""6215"""
SAI JATIN DUDH SANKALAN KENDRA,2223,05.05.2026,2100,1,2100,2100,SARKI GONI,78750,success,"""2223"""
SAI JATIN DUDH SANKALAN KENDRA,703,05.05.2026,1670,1,1670,1670,HINDUSTAN HIRA KANDI,78751,success,"""0703"""
SAI JATIN DUDH SANKALAN KENDRA,1078,06.05.2026,10500,5,2100,2100,SARKI GONI,78752,success,"""1078"""
SAI JATIN DUDH SANKALAN KENDRA,2206,06.05.2026,1670,1,1670,1670,HINDUSTAN HIRA KANDI,78753,success,"""2206"""
SAI JATIN DUDH SANKALAN KENDRA,1930,06.05.2026,1430,1,1430,1430,HINDUSTAN INDRANIL,78754,success,"""1930"""
SAI JATIN DUDH SANKALAN KENDRA,1023,06.05.2026,6680,4,1670,1670,HINDUSTAN HIRA KANDI,78755,success,"""1023"""
SAI JATIN DUDH SANKALAN KENDRA,1407,06.05.2026,2800,2,1400,1400,VALISH,78756,success,"""1407"""
SAI JATIN DUDH SANKALAN KENDRA,1024,06.05.2026,2860,2,1430,1430,HINDUSTAN INDRANIL,78757,success,"""1024"""
SAI JATIN DUDH SANKALAN KENDRA,744,06.05.2026,1670,1,1670,1670,HINDUSTAN HIRA KANDI,78758,success,"""0744"""
SAI JATIN DUDH SANKALAN KENDRA,1506,06.05.2026,1670,1,1670,1670,HINDUSTAN HIRA KANDI,78759,success,"""1506"""
SAI JATIN DUDH SANKALAN KENDRA,1670,06.05.2026,3300,2,1650,1650,NATURE DAIMAND,78760,success,"""1670"""
SAI JATIN DUDH SANKALAN KENDRA,1675,06.05.2026,3300,2,1650,1650,NATURE DAIMAND,78761,success,"""1675"""
SAI JATIN DUDH SANKALAN KENDRA,1666,25.04.2026,1600,1,1600,1600,Milk Can,78762,success,"""1666"""
SAI JATIN DUDH SANKALAN KENDRA,1025,21.04.2026,1600,1,1600,1600,NATURE DAIMAND,78763,success,"""1025"""
SAI JATIN DUDH SANKALAN KENDRA,1,25.04.2026,39500,25,1580,1580,NATURE DAIMAND,78764,success,"""0001"""
SAI JATIN DUDH SANKALAN KENDRA,38,25.04.2026,49500,30,1650,1650,NATURE DAIMAND,78765,success,"""0038"""
SAI JATIN DUDH SANKALAN KENDRA,1,02.05.2026,7900,5,1580,1580,NATURE DAIMAND,78766,success,"""0001"""
SAI JATIN DUDH SANKALAN KENDRA,5001,22.04.2026,2100,1,2100,2100,SARKI GONI,78767,success,"""5001"""
SAI JATIN DUDH SANKALAN KENDRA,5001,22.04.2026,1430,1,1430,1430,HINDUSTAN INDRANIL,78768,success,"""5001"""
SAI JATIN DUDH SANKALAN KENDRA,1486,05.04.2026,1650,1,1650,1650,NATURE DAIMAND,78769,success,"""1486"""
SAI JATIN DUDH SANKALAN KENDRA,1028,05.04.2026,4500,1,4500,4500,K,,success,"""1028"""
SAI JATIN DUDH SANKALAN KENDRA,385,05.05.2026,2100,1,2100,2100,SARKI GONI,78770,success,"""0385"""
SAI JATIN DUDH SANKALAN KENDRA,2223,05.05.2026,1670,1,1670,1670,HINDUSTAN HIRA KANDI,78771,success,"""2223"""
SAI JATIN DUDH SANKALAN KENDRA,1667,07.05.2026,1650,1,1650,1650,NATURE DAIMAND,78772,success,"""1667"""
SAI JATIN DUDH SANKALAN KENDRA,186,07.05.2026,1570,1,1570,1570,SAHYADARI GOLD,78773,success,"""0186"""
SAI JATIN DUDH SANKALAN KENDRA,5026,07.05.2026,1670,1,1670,1670,HINDUSTAN HIRA KANDI,78774,success,"""5026"""
SAI JATIN DUDH SANKALAN KENDRA,2210,07.05.2026,8350,5,1670,1670,HINDUSTAN HIRA KANDI,78775,success,"""2210"""
SAI JATIN DUDH SANKALAN KENDRA,1033,07.05.2026,1670,1,1670,1670,HINDUSTAN HIRA KANDI,78776,success,"""1033"""
SAI JATIN DUDH SANKALAN KENDRA,1033,07.05.2026,1430,1,1430,1430,HINDUSTAN INDRANIL,78777,success,"""1033"""
SAI JATIN DUDH SANKALAN KENDRA,1023,07.05.2026,3340,2,1670,1670,HINDUSTAN HIRA KANDI,78778,success,"""1023"""
SAI JATIN DUDH SANKALAN KENDRA,1510,07.05.2026,2100,1,2100,2100,SARKI GONI,78779,success,"""1510"""
SAI JATIN DUDH SANKALAN KENDRA,29,07.05.2026,2100,1,2100,2100,SARKI GONI,78780,success,"""0029"""
SAI JATIN DUDH SANKALAN KENDRA,29,07.05.2026,1570,1,1570,1570,SAHYADARI GOLD,78781,success,"""0029"""
SAI JATIN DUDH SANKALAN KENDRA,69,07.05.2026,1650,1,1650,1650,NATURE DAIMAND,78782,success,"""0069"""
SAI JATIN DUDH SANKALAN KENDRA,1060,08.05.2026,4290,3,1430,1430,HINDUSTAN INDRANIL,78783,success,"""1060"""
SAI JATIN DUDH SANKALAN KENDRA,1060,08.05.2026,2860,2,1430,1430,NATURE EXTRA,78784,success,"""1060"""
SAI JATIN DUDH SANKALAN KENDRA,5009,08.05.2026,1430,1,1430,1430,HINDUSTAN INDRANIL,78785,success,"""5009"""
SAI JATIN DUDH SANKALAN KENDRA,1665,08.05.2026,2100,1,2100,2100,SARKI GONI,78786,success,"""1665"""
SAI JATIN DUDH SANKALAN KENDRA,1112,08.05.2026,1650,1,1650,1650,NATURE DAIMAND,78787,success,"""1112"""
SAI JATIN DUDH SANKALAN KENDRA,1023,08.05.2026,3340,2,1670,1670,HINDUSTAN HIRA KANDI,78788,success,"""1023"""
SAI JATIN DUDH SANKALAN KENDRA,1604,08.05.2026,1650,1,1650,1650,NATURE DAIMAND,78789,success,"""1604"""
SAI JATIN DUDH SANKALAN KENDRA,1604,08.05.2026,1670,1,1670,1670,HINDUSTAN HIRA KANDI,78790,success,"""1604"""
SAI JATIN DUDH SANKALAN KENDRA,1669,08.05.2026,2100,1,2100,2100,SARKI GONI,78791,success,"""1669"""
SAI JATIN DUDH SANKALAN KENDRA,1669,08.05.2026,1670,1,1670,1670,HINDUSTAN HIRA KANDI,78792,success,"""1669"""
SAI JATIN DUDH SANKALAN KENDRA,29,08.05.2026,2100,1,2100,2100,SARKI GONI,78793,success,"""0029"""
SAI JATIN DUDH SANKALAN KENDRA,1662,08.05.2026,1650,1,1650,1650,NATURE DAIMAND,78794,success,"""1662"""
ANJANI DUDH-PRAMOD LAHARE,3514,08.05.2026,31500,15,2100,2100,SARKI GONI,78795,success,"""3514"""
ANJANI DUDH-PRAMOD LAHARE,3514,08.05.2026,16500,10,1650,1650,NATURE DAIMAND,78796,success,"""3514"""
SAI JATIN DUDH SANKALAN KENDRA,1517,09.05.2026,1670,1,1670,1670,HINDUSTAN HIRA KANDI,78797,success,"""1517"""
SAI JATIN DUDH SANKALAN KENDRA,1023,09.05.2026,8350,5,1670,1670,HINDUSTAN HIRA KANDI,78798,success,"""1023"""
SAI JATIN DUDH SANKALAN KENDRA,1023,09.05.2026,2100,1,2100,2100,SARKI GONI,78799,success,"""1023"""
SAI JATIN DUDH SANKALAN KENDRA,730,09.05.2026,1670,1,1670,1670,HINDUSTAN HIRA KANDI,78800,success,"""0730"""
SAI JATIN DUDH SANKALAN KENDRA,1060,09.05.2026,1400,1,1400,1400,VALISH,78801,success,"""1060"""
SAI JATIN DUDH SANKALAN KENDRA,1025,09.05.2026,8400,4,2100,2100,SARKI GONI,78802,success,"""1025"""
SAI JATIN DUDH SANKALAN KENDRA,1025,09.05.2026,13200,8,1650,1650,NATURE DAIMAND,78803,success,"""1025"""
SAI JATIN DUDH SANKALAN KENDRA,1658,09.05.2026,1670,1,1670,1670,HINDUSTAN HIRA KANDI,78804,success,"""1658"""
SAI JATIN DUDH SANKALAN KENDRA,1624,09.05.2026,2100,1,2100,2100,SARKI GONI,78805,success,"""1624"""
